file,company_name,spEmitCode,repDivID,gasID,note,ok,status,detail,n_rows,status_code
/Users/shou/hobby/CPX/nikkei-stock/data/data_collection/processed/yfinance_gx_20251219_172854/2nd screening/_generated_envgraph_20251223_205917/raw_json/いすゞ自動車株式会社__985033106__rep1__gas1.json,いすゞ自動車株式会社,985033106,1,1,extracted_from_html,True,OK,ok rows=15 bad=0,15,
/Users/shou/hobby/CPX/nikkei-stock/data/data_collection/processed/yfinance_gx_20251219_172854/2nd screening/_generated_envgraph_20251223_205917/raw_json/アスクル株式会社__987601839__rep1__gas1.json,アスクル株式会社,987601839,1,1,extracted_from_html,True,OK,ok rows=15 bad=0,15,
/Users/shou/hobby/CPX/nikkei-stock/data/data_collection/processed/yfinance_gx_20251219_172854/2nd screening/_generated_envgraph_20251223_205917/raw_json/アズビル株式会社__985836308__rep1__gas1.json,アズビル株式会社,985836308,1,1,extracted_from_html,True,OK,ok rows=15 bad=0,15,
/Users/shou/hobby/CPX/nikkei-stock/data/data_collection/processed/yfinance_gx_20251219_172854/2nd screening/_generated_envgraph_20251223_205917/raw_json/エア_ウォーター株式会社__10127282__rep1__gas1.json,エア_ウォーター株式会社,10127282,1,1,,False,NO_GRAPH,no_script_graph,0,417.0
/Users/shou/hobby/CPX/nikkei-stock/data/data_collection/processed/yfinance_gx_20251219_172854/2nd screening/_generated_envgraph_20251223_205917/raw_json/オムロン株式会社__500015052__rep1__gas1.json,オムロン株式会社,500015052,1,1,extracted_from_html,True,OK,ok rows=15 bad=0,15,
/Users/shou/hobby/CPX/nikkei-stock/data/data_collection/processed/yfinance_gx_20251219_172854/2nd screening/_generated_envgraph_20251223_205917/raw_json/オーエスジー株式会社__440052174__rep1__gas1.json,オーエスジー株式会社,440052174,1,1,extracted_from_html,True,OK,ok rows=15 bad=0,15,
/Users/shou/hobby/CPX/nikkei-stock/data/data_collection/processed/yfinance_gx_20251219_172854/2nd screening/_generated_envgraph_20251223_205917/raw_json/キオクシアホールディングス株式会社__118021424__rep1__gas1.json,キオクシアホールディングス株式会社,118021424,1,1,extracted_from_html,True,OK,ok rows=7 bad=0,7,
/Users/shou/hobby/CPX/nikkei-stock/data/data_collection/processed/yfinance_gx_20251219_172854/2nd screening/_generated_envgraph_20251223_205917/raw_json/キリンホールディングス株式会社__985146306__rep1__gas1.json,キリンホールディングス株式会社,985146306,1,1,extracted_from_html,True,OK,ok rows=15 bad=0,15,
/Users/shou/hobby/CPX/nikkei-stock/data/data_collection/processed/yfinance_gx_20251219_172854/2nd screening/_generated_envgraph_20251223_205917/raw_json/サカタインクス株式会社__580021818__rep1__gas1.json,サカタインクス株式会社,580021818,1,1,extracted_from_html,True,OK,ok rows=15 bad=0,15,
/Users/shou/hobby/CPX/nikkei-stock/data/data_collection/processed/yfinance_gx_20251219_172854/2nd screening/_generated_envgraph_20251223_205917/raw_json/シライ電子工業株式会社__500107029__rep1__gas1.json,シライ電子工業株式会社,500107029,1,1,extracted_from_html,True,OK,ok rows=15 bad=0,15,
/Users/shou/hobby/CPX/nikkei-stock/data/data_collection/processed/yfinance_gx_20251219_172854/2nd screening/_generated_envgraph_20251223_205917/raw_json/シンフォニアテクノロジー株式会社__985331903__rep1__gas1.json,シンフォニアテクノロジー株式会社,985331903,1,1,extracted_from_html,True,OK,ok rows=15 bad=0,15,
/Users/shou/hobby/CPX/nikkei-stock/data/data_collection/processed/yfinance_gx_20251219_172854/2nd screening/_generated_envgraph_20251223_205917/raw_json/スズキ株式会社__430105873__rep1__gas1.json,スズキ株式会社,430105873,1,1,extracted_from_html,True,OK,ok rows=15 bad=0,15,
/Users/shou/hobby/CPX/nikkei-stock/data/data_collection/processed/yfinance_gx_20251219_172854/2nd screening/_generated_envgraph_20251223_205917/raw_json/センコーグループホールディングス株式会社__580011642__rep1__gas1.json,センコーグループホールディングス株式会社,580011642,1,1,extracted_from_html,True,OK,ok rows=15 bad=0,15,
/Users/shou/hobby/CPX/nikkei-stock/data/data_collection/processed/yfinance_gx_20251219_172854/2nd screening/_generated_envgraph_20251223_205917/raw_json/セントラル硝子株式会社__985350103__rep1__gas1.json,セントラル硝子株式会社,985350103,1,1,extracted_from_html,True,OK,ok rows=15 bad=0,15,
/Users/shou/hobby/CPX/nikkei-stock/data/data_collection/processed/yfinance_gx_20251219_172854/2nd screening/_generated_envgraph_20251223_205917/raw_json/ダイキン工業株式会社__580002410__rep1__gas1.json,ダイキン工業株式会社,580002410,1,1,extracted_from_html,True,OK,ok rows=15 bad=0,15,
/Users/shou/hobby/CPX/nikkei-stock/data/data_collection/processed/yfinance_gx_20251219_172854/2nd screening/_generated_envgraph_20251223_205917/raw_json/デンカ株式会社__985451705__rep1__gas1.json,デンカ株式会社,985451705,1,1,extracted_from_html,True,OK,ok rows=15 bad=0,15,
/Users/shou/hobby/CPX/nikkei-stock/data/data_collection/processed/yfinance_gx_20251219_172854/2nd screening/_generated_envgraph_20251223_205917/raw_json/トピー工業株式会社__985454402__rep1__gas1.json,トピー工業株式会社,985454402,1,1,extracted_from_html,True,OK,ok rows=15 bad=0,15,
/Users/shou/hobby/CPX/nikkei-stock/data/data_collection/processed/yfinance_gx_20251219_172854/2nd screening/_generated_envgraph_20251223_205917/raw_json/トヨタ紡織株式会社__400095186__rep1__gas1.json,トヨタ紡織株式会社,400095186,1,1,extracted_from_html,True,OK,ok rows=15 bad=0,15,
/Users/shou/hobby/CPX/nikkei-stock/data/data_collection/processed/yfinance_gx_20251219_172854/2nd screening/_generated_envgraph_20251223_205917/raw_json/トヨタ自動車株式会社__400087148__rep1__gas1.json,トヨタ自動車株式会社,400087148,1,1,extracted_from_html,True,OK,ok rows=15 bad=0,15,
/Users/shou/hobby/CPX/nikkei-stock/data/data_collection/processed/yfinance_gx_20251219_172854/2nd screening/_generated_envgraph_20251223_205917/raw_json/ノリタケ株式会社__400108462__rep1__gas1.json,ノリタケ株式会社,400108462,1,1,extracted_from_html,True,OK,ok rows=15 bad=0,15,
/Users/shou/hobby/CPX/nikkei-stock/data/data_collection/processed/yfinance_gx_20251219_172854/2nd screening/_generated_envgraph_20251223_205917/raw_json/ハリマ化成グループ株式会社__675007221__rep1__gas1.json,ハリマ化成グループ株式会社,675007221,1,1,extracted_from_html,True,OK,ok rows=3 bad=0,3,
/Users/shou/hobby/CPX/nikkei-stock/data/data_collection/processed/yfinance_gx_20251219_172854/2nd screening/_generated_envgraph_20251223_205917/raw_json/マツダ株式会社__600002843__rep1__gas1.json,マツダ株式会社,600002843,1,1,extracted_from_html,True,OK,ok rows=15 bad=0,15,
/Users/shou/hobby/CPX/nikkei-stock/data/data_collection/processed/yfinance_gx_20251219_172854/2nd screening/_generated_envgraph_20251223_205917/raw_json/マブチモーター株式会社__260094087__rep1__gas1.json,マブチモーター株式会社,260094087,1,1,extracted_from_html,True,OK,ok rows=15 bad=0,15,
/Users/shou/hobby/CPX/nikkei-stock/data/data_collection/processed/yfinance_gx_20251219_172854/2nd screening/_generated_envgraph_20251223_205917/raw_json/ヤマハ株式会社__430015561__rep1__gas1.json,ヤマハ株式会社,430015561,1,1,extracted_from_html,True,OK,ok rows=15 bad=0,15,
/Users/shou/hobby/CPX/nikkei-stock/data/data_collection/processed/yfinance_gx_20251219_172854/2nd screening/_generated_envgraph_20251223_205917/raw_json/ヤマハ発動機株式会社__430113534__rep1__gas1.json,ヤマハ発動機株式会社,430113534,1,1,extracted_from_html,True,OK,ok rows=15 bad=0,15,
/Users/shou/hobby/CPX/nikkei-stock/data/data_collection/processed/yfinance_gx_20251219_172854/2nd screening/_generated_envgraph_20251223_205917/raw_json/ユニ_チャーム株式会社__710038762__rep1__gas1.json,ユニ_チャーム株式会社,710038762,1,1,extracted_from_html,True,OK,ok rows=13 bad=0,13,
/Users/shou/hobby/CPX/nikkei-stock/data/data_collection/processed/yfinance_gx_20251219_172854/2nd screening/_generated_envgraph_20251223_205917/raw_json/ライオン株式会社__985855107__rep1__gas1.json,ライオン株式会社,985855107,1,1,extracted_from_html,True,OK,ok rows=15 bad=0,15,
/Users/shou/hobby/CPX/nikkei-stock/data/data_collection/processed/yfinance_gx_20251219_172854/2nd screening/_generated_envgraph_20251223_205917/raw_json/レンゴー株式会社__580006446__rep1__gas1.json,レンゴー株式会社,580006446,1,1,extracted_from_html,True,OK,ok rows=15 bad=0,15,
/Users/shou/hobby/CPX/nikkei-stock/data/data_collection/processed/yfinance_gx_20251219_172854/2nd screening/_generated_envgraph_20251223_205917/raw_json/三井不動産株式会社__985786707__rep1__gas1.json,三井不動産株式会社,985786707,1,1,extracted_from_html,True,OK,ok rows=15 bad=0,15,
/Users/shou/hobby/CPX/nikkei-stock/data/data_collection/processed/yfinance_gx_20251219_172854/2nd screening/_generated_envgraph_20251223_205917/raw_json/三井化学株式会社__985786108__rep1__gas1.json,三井化学株式会社,985786108,1,1,extracted_from_html,True,OK,ok rows=15 bad=0,15,
/Users/shou/hobby/CPX/nikkei-stock/data/data_collection/processed/yfinance_gx_20251219_172854/2nd screening/_generated_envgraph_20251223_205917/raw_json/三井物産株式会社__985786805__rep1__gas1.json,三井物産株式会社,985786805,1,1,extracted_from_html,True,OK,ok rows=15 bad=0,15,
/Users/shou/hobby/CPX/nikkei-stock/data/data_collection/processed/yfinance_gx_20251219_172854/2nd screening/_generated_envgraph_20251223_205917/raw_json/三協立山株式会社__370021004__rep1__gas1.json,三協立山株式会社,370021004,1,1,extracted_from_html,True,OK,ok rows=15 bad=0,15,
/Users/shou/hobby/CPX/nikkei-stock/data/data_collection/processed/yfinance_gx_20251219_172854/2nd screening/_generated_envgraph_20251223_205917/raw_json/三洋化成工業株式会社__500025003__rep1__gas1.json,三洋化成工業株式会社,500025003,1,1,extracted_from_html,True,OK,ok rows=15 bad=0,15,
/Users/shou/hobby/CPX/nikkei-stock/data/data_collection/processed/yfinance_gx_20251219_172854/2nd screening/_generated_envgraph_20251223_205917/raw_json/三浦工業株式会社__740054417__rep1__gas1.json,三浦工業株式会社,740054417,1,1,extracted_from_html,True,OK,ok rows=15 bad=0,15,
/Users/shou/hobby/CPX/nikkei-stock/data/data_collection/processed/yfinance_gx_20251219_172854/2nd screening/_generated_envgraph_20251223_205917/raw_json/三菱ケミカルグループ株式会社__985795500__rep1__gas1.json,三菱ケミカルグループ株式会社,985795500,1,1,extracted_from_html,True,OK,ok rows=15 bad=0,15,
/Users/shou/hobby/CPX/nikkei-stock/data/data_collection/processed/yfinance_gx_20251219_172854/2nd screening/_generated_envgraph_20251223_205917/raw_json/三菱マテリアル株式会社__985793701__rep1__gas1.json,三菱マテリアル株式会社,985793701,1,1,extracted_from_html,True,OK,ok rows=15 bad=0,15,
/Users/shou/hobby/CPX/nikkei-stock/data/data_collection/processed/yfinance_gx_20251219_172854/2nd screening/_generated_envgraph_20251223_205917/raw_json/三菱商事株式会社__985794404__rep1__gas1.json,三菱商事株式会社,985794404,1,1,extracted_from_html,True,OK,ok rows=15 bad=0,15,
/Users/shou/hobby/CPX/nikkei-stock/data/data_collection/processed/yfinance_gx_20251219_172854/2nd screening/_generated_envgraph_20251223_205917/raw_json/三菱地所株式会社__985794807__rep1__gas1.json,三菱地所株式会社,985794807,1,1,extracted_from_html,True,OK,ok rows=15 bad=0,15,
/Users/shou/hobby/CPX/nikkei-stock/data/data_collection/processed/yfinance_gx_20251219_172854/2nd screening/_generated_envgraph_20251223_205917/raw_json/三菱自動車工業株式会社__985794057__rep1__gas1.json,三菱自動車工業株式会社,985794057,1,1,extracted_from_html,True,OK,ok rows=15 bad=0,15,
/Users/shou/hobby/CPX/nikkei-stock/data/data_collection/processed/yfinance_gx_20251219_172854/2nd screening/_generated_envgraph_20251223_205917/raw_json/三菱製紙株式会社__985794709__rep1__gas1.json,三菱製紙株式会社,985794709,1,1,extracted_from_html,True,OK,ok rows=15 bad=0,15,
/Users/shou/hobby/CPX/nikkei-stock/data/data_collection/processed/yfinance_gx_20251219_172854/2nd screening/_generated_envgraph_20251223_205917/raw_json/三菱製鋼株式会社__985794601__rep1__gas1.json,三菱製鋼株式会社,985794601,1,1,extracted_from_html,True,OK,ok rows=15 bad=0,15,
/Users/shou/hobby/CPX/nikkei-stock/data/data_collection/processed/yfinance_gx_20251219_172854/2nd screening/_generated_envgraph_20251223_205917/raw_json/三菱重工業株式会社__985794306__rep1__gas1.json,三菱重工業株式会社,985794306,1,1,extracted_from_html,True,OK,ok rows=15 bad=0,15,
/Users/shou/hobby/CPX/nikkei-stock/data/data_collection/processed/yfinance_gx_20251219_172854/2nd screening/_generated_envgraph_20251223_205917/raw_json/三菱電機株式会社__985795009__rep1__gas1.json,三菱電機株式会社,985795009,1,1,extracted_from_html,True,OK,ok rows=15 bad=0,15,
/Users/shou/hobby/CPX/nikkei-stock/data/data_collection/processed/yfinance_gx_20251219_172854/2nd screening/_generated_envgraph_20251223_205917/raw_json/上新電機株式会社__580189711__rep1__gas1.json,上新電機株式会社,580189711,1,1,extracted_from_html,True,OK,ok rows=15 bad=0,15,
/Users/shou/hobby/CPX/nikkei-stock/data/data_collection/processed/yfinance_gx_20251219_172854/2nd screening/_generated_envgraph_20251223_205917/raw_json/世紀東急工業株式会社__985351601__rep1__gas1.json,世紀東急工業株式会社,985351601,1,1,extracted_from_html,True,OK,ok rows=15 bad=0,15,
/Users/shou/hobby/CPX/nikkei-stock/data/data_collection/processed/yfinance_gx_20251219_172854/2nd screening/_generated_envgraph_20251223_205917/raw_json/中越パルプ工業株式会社__985426300__rep1__gas1.json,中越パルプ工業株式会社,985426300,1,1,extracted_from_html,True,OK,ok rows=15 bad=0,15,
/Users/shou/hobby/CPX/nikkei-stock/data/data_collection/processed/yfinance_gx_20251219_172854/2nd screening/_generated_envgraph_20251223_205917/raw_json/中部電力株式会社__400083612__rep1__gas1.json,中部電力株式会社,400083612,1,1,extracted_from_html,True,OK,ok rows=15 bad=0,15,
/Users/shou/hobby/CPX/nikkei-stock/data/data_collection/processed/yfinance_gx_20251219_172854/2nd screening/_generated_envgraph_20251223_205917/raw_json/丸紅株式会社__985780104__rep1__gas1.json,丸紅株式会社,985780104,1,1,extracted_from_html,True,OK,ok rows=15 bad=0,15,
/Users/shou/hobby/CPX/nikkei-stock/data/data_collection/processed/yfinance_gx_20251219_172854/2nd screening/_generated_envgraph_20251223_205917/raw_json/九州旅客鉄道株式会社__800351401__rep1__gas1.json,九州旅客鉄道株式会社,800351401,1,1,extracted_from_html,True,OK,ok rows=15 bad=0,15,
/Users/shou/hobby/CPX/nikkei-stock/data/data_collection/processed/yfinance_gx_20251219_172854/2nd screening/_generated_envgraph_20251223_205917/raw_json/京セラ株式会社__500062007__rep1__gas1.json,京セラ株式会社,500062007,1,1,extracted_from_html,True,OK,ok rows=15 bad=0,15,
/Users/shou/hobby/CPX/nikkei-stock/data/data_collection/processed/yfinance_gx_20251219_172854/2nd screening/_generated_envgraph_20251223_205917/raw_json/伊藤忠商事株式会社__985036501__rep1__gas1.json,伊藤忠商事株式会社,985036501,1,1,extracted_from_html,True,OK,ok rows=15 bad=0,15,
/Users/shou/hobby/CPX/nikkei-stock/data/data_collection/processed/yfinance_gx_20251219_172854/2nd screening/_generated_envgraph_20251223_205917/raw_json/住友ゴム工業株式会社__530004309__rep1__gas1.json,住友ゴム工業株式会社,530004309,1,1,extracted_from_html,True,OK,ok rows=15 bad=0,15,
/Users/shou/hobby/CPX/nikkei-stock/data/data_collection/processed/yfinance_gx_20251219_172854/2nd screening/_generated_envgraph_20251223_205917/raw_json/住友ベークライト株式会社__985347402__rep1__gas1.json,住友ベークライト株式会社,985347402,1,1,extracted_from_html,True,OK,ok rows=15 bad=0,15,
/Users/shou/hobby/CPX/nikkei-stock/data/data_collection/processed/yfinance_gx_20251219_172854/2nd screening/_generated_envgraph_20251223_205917/raw_json/住友化学株式会社__580000809__rep1__gas1.json,住友化学株式会社,580000809,1,1,extracted_from_html,True,OK,ok rows=15 bad=0,15,
/Users/shou/hobby/CPX/nikkei-stock/data/data_collection/processed/yfinance_gx_20251219_172854/2nd screening/_generated_envgraph_20251223_205917/raw_json/住友商事株式会社__580004067__rep1__gas1.json,住友商事株式会社,580004067,1,1,extracted_from_html,True,OK,ok rows=15 bad=0,15,
/Users/shou/hobby/CPX/nikkei-stock/data/data_collection/processed/yfinance_gx_20251219_172854/2nd screening/_generated_envgraph_20251223_205917/raw_json/住友大阪セメント株式会社__985347206__rep1__gas1.json,住友大阪セメント株式会社,985347206,1,1,extracted_from_html,True,OK,ok rows=15 bad=0,15,
/Users/shou/hobby/CPX/nikkei-stock/data/data_collection/processed/yfinance_gx_20251219_172854/2nd screening/_generated_envgraph_20251223_205917/raw_json/住友林業株式会社__580028819__rep1__gas1.json,住友林業株式会社,580028819,1,1,extracted_from_html,True,OK,ok rows=15 bad=0,15,
/Users/shou/hobby/CPX/nikkei-stock/data/data_collection/processed/yfinance_gx_20251219_172854/2nd screening/_generated_envgraph_20251223_205917/raw_json/住友精化株式会社__580349898__rep1__gas1.json,住友精化株式会社,580349898,1,1,extracted_from_html,True,OK,ok rows=15 bad=0,15,
/Users/shou/hobby/CPX/nikkei-stock/data/data_collection/processed/yfinance_gx_20251219_172854/2nd screening/_generated_envgraph_20251223_205917/raw_json/住友金属鉱山株式会社__985346700__rep1__gas1.json,住友金属鉱山株式会社,985346700,1,1,extracted_from_html,True,OK,ok rows=15 bad=0,15,
/Users/shou/hobby/CPX/nikkei-stock/data/data_collection/processed/yfinance_gx_20251219_172854/2nd screening/_generated_envgraph_20251223_205917/raw_json/住友電気工業株式会社__580002241__rep1__gas1.json,住友電気工業株式会社,580002241,1,1,extracted_from_html,True,OK,ok rows=15 bad=0,15,
/Users/shou/hobby/CPX/nikkei-stock/data/data_collection/processed/yfinance_gx_20251219_172854/2nd screening/_generated_envgraph_20251223_205917/raw_json/共英製鋼株式会社__580085029__rep1__gas1.json,共英製鋼株式会社,580085029,1,1,extracted_from_html,True,OK,ok rows=15 bad=0,15,
/Users/shou/hobby/CPX/nikkei-stock/data/data_collection/processed/yfinance_gx_20251219_172854/2nd screening/_generated_envgraph_20251223_205917/raw_json/出光興産株式会社__985052701__rep1__gas1.json,出光興産株式会社,985052701,1,1,extracted_from_html,True,OK,ok rows=15 bad=0,15,
/Users/shou/hobby/CPX/nikkei-stock/data/data_collection/processed/yfinance_gx_20251219_172854/2nd screening/_generated_envgraph_20251223_205917/raw_json/北越コーポレーション株式会社__985753107__rep1__gas1.json,北越コーポレーション株式会社,985753107,1,1,extracted_from_html,True,OK,ok rows=15 bad=0,15,
/Users/shou/hobby/CPX/nikkei-stock/data/data_collection/processed/yfinance_gx_20251219_172854/2nd screening/_generated_envgraph_20251223_205917/raw_json/北陸電力株式会社__370053821__rep1__gas1.json,北陸電力株式会社,370053821,1,1,extracted_from_html,True,OK,ok rows=15 bad=0,15,
/Users/shou/hobby/CPX/nikkei-stock/data/data_collection/processed/yfinance_gx_20251219_172854/2nd screening/_generated_envgraph_20251223_205917/raw_json/南海電気鉄道株式会社__580016326__rep1__gas1.json,南海電気鉄道株式会社,580016326,1,1,extracted_from_html,True,OK,ok rows=15 bad=0,15,
/Users/shou/hobby/CPX/nikkei-stock/data/data_collection/processed/yfinance_gx_20251219_172854/2nd screening/_generated_envgraph_20251223_205917/raw_json/双日株式会社__986331452__rep1__gas1.json,双日株式会社,986331452,1,1,extracted_from_html,True,OK,ok rows=15 bad=0,15,
/Users/shou/hobby/CPX/nikkei-stock/data/data_collection/processed/yfinance_gx_20251219_172854/2nd screening/_generated_envgraph_20251223_205917/raw_json/古河電気工業株式会社__985744304__rep1__gas1.json,古河電気工業株式会社,985744304,1,1,extracted_from_html,True,OK,ok rows=15 bad=0,15,
/Users/shou/hobby/CPX/nikkei-stock/data/data_collection/processed/yfinance_gx_20251219_172854/2nd screening/_generated_envgraph_20251223_205917/raw_json/合同製鐵株式会社__580002803__rep1__gas1.json,合同製鐵株式会社,580002803,1,1,extracted_from_html,True,OK,ok rows=15 bad=0,15,
/Users/shou/hobby/CPX/nikkei-stock/data/data_collection/processed/yfinance_gx_20251219_172854/2nd screening/_generated_envgraph_20251223_205917/raw_json/四国電力株式会社__710029011__rep1__gas1.json,四国電力株式会社,710029011,1,1,extracted_from_html,True,OK,ok rows=15 bad=0,15,
/Users/shou/hobby/CPX/nikkei-stock/data/data_collection/processed/yfinance_gx_20251219_172854/2nd screening/_generated_envgraph_20251223_205917/raw_json/堺化学工業株式会社__570009570__rep1__gas1.json,堺化学工業株式会社,570009570,1,1,extracted_from_html,True,OK,ok rows=15 bad=0,15,
/Users/shou/hobby/CPX/nikkei-stock/data/data_collection/processed/yfinance_gx_20251219_172854/2nd screening/_generated_envgraph_20251223_205917/raw_json/大同特殊鋼株式会社__400072412__rep1__gas1.json,大同特殊鋼株式会社,400072412,1,1,extracted_from_html,True,OK,ok rows=15 bad=0,15,
/Users/shou/hobby/CPX/nikkei-stock/data/data_collection/processed/yfinance_gx_20251219_172854/2nd screening/_generated_envgraph_20251223_205917/raw_json/大和ハウス工業株式会社__580123424__rep1__gas1.json,大和ハウス工業株式会社,580123424,1,1,extracted_from_html,True,OK,ok rows=15 bad=0,15,
/Users/shou/hobby/CPX/nikkei-stock/data/data_collection/processed/yfinance_gx_20251219_172854/2nd screening/_generated_envgraph_20251223_205917/raw_json/大成建設株式会社__985376100__rep1__gas1.json,大成建設株式会社,985376100,1,1,extracted_from_html,True,OK,ok rows=15 bad=0,15,
/Users/shou/hobby/CPX/nikkei-stock/data/data_collection/processed/yfinance_gx_20251219_172854/2nd screening/_generated_envgraph_20251223_205917/raw_json/大日本印刷株式会社__985384406__rep1__gas1.json,大日本印刷株式会社,985384406,1,1,extracted_from_html,True,OK,ok rows=15 bad=0,15,
/Users/shou/hobby/CPX/nikkei-stock/data/data_collection/processed/yfinance_gx_20251219_172854/2nd screening/_generated_envgraph_20251223_205917/raw_json/大東建託株式会社__400231841__rep1__gas1.json,大東建託株式会社,400231841,1,1,extracted_from_html,True,OK,ok rows=15 bad=0,15,
/Users/shou/hobby/CPX/nikkei-stock/data/data_collection/processed/yfinance_gx_20251219_172854/2nd screening/_generated_envgraph_20251223_205917/raw_json/大王製紙株式会社__710034905__rep1__gas1.json,大王製紙株式会社,710034905,1,1,extracted_from_html,True,OK,ok rows=15 bad=0,15,
/Users/shou/hobby/CPX/nikkei-stock/data/data_collection/processed/yfinance_gx_20251219_172854/2nd screening/_generated_envgraph_20251223_205917/raw_json/太平洋セメント株式会社__650003624__rep1__gas1.json,太平洋セメント株式会社,650003624,1,1,extracted_from_html,True,OK,ok rows=15 bad=0,15,
/Users/shou/hobby/CPX/nikkei-stock/data/data_collection/processed/yfinance_gx_20251219_172854/2nd screening/_generated_envgraph_20251223_205917/raw_json/富士フイルムホールディングス株式会社__989496732__rep1__gas1.json,富士フイルムホールディングス株式会社,989496732,1,1,extracted_from_html,True,OK,ok rows=15 bad=0,15,
/Users/shou/hobby/CPX/nikkei-stock/data/data_collection/processed/yfinance_gx_20251219_172854/2nd screening/_generated_envgraph_20251223_205917/raw_json/富士電機株式会社__985732902__rep1__gas1.json,富士電機株式会社,985732902,1,1,extracted_from_html,True,OK,ok rows=13 bad=0,13,
/Users/shou/hobby/CPX/nikkei-stock/data/data_collection/processed/yfinance_gx_20251219_172854/2nd screening/_generated_envgraph_20251223_205917/raw_json/小林製薬株式会社__580006221__rep1__gas1.json,小林製薬株式会社,580006221,1,1,extracted_from_html,True,OK,ok rows=15 bad=0,15,
/Users/shou/hobby/CPX/nikkei-stock/data/data_collection/processed/yfinance_gx_20251219_172854/2nd screening/_generated_envgraph_20251223_205917/raw_json/小田急電鉄株式会社__985083805__rep1__gas1.json,小田急電鉄株式会社,985083805,1,1,extracted_from_html,True,OK,ok rows=15 bad=0,15,
/Users/shou/hobby/CPX/nikkei-stock/data/data_collection/processed/yfinance_gx_20251219_172854/2nd screening/_generated_envgraph_20251223_205917/raw_json/小野薬品工業株式会社__580001842__rep1__gas1.json,小野薬品工業株式会社,580001842,1,1,extracted_from_html,True,OK,ok rows=15 bad=0,15,
/Users/shou/hobby/CPX/nikkei-stock/data/data_collection/processed/yfinance_gx_20251219_172854/2nd screening/_generated_envgraph_20251223_205917/raw_json/岩谷産業株式会社__580045257__rep1__gas1.json,岩谷産業株式会社,580045257,1,1,extracted_from_html,True,OK,ok rows=11 bad=0,11,
/Users/shou/hobby/CPX/nikkei-stock/data/data_collection/processed/yfinance_gx_20251219_172854/2nd screening/_generated_envgraph_20251223_205917/raw_json/川崎汽船株式会社__985134029__rep1__gas1.json,川崎汽船株式会社,985134029,1,1,extracted_from_html,True,OK,ok rows=13 bad=0,13,
/Users/shou/hobby/CPX/nikkei-stock/data/data_collection/processed/yfinance_gx_20251219_172854/2nd screening/_generated_envgraph_20251223_205917/raw_json/帝人株式会社__580001341__rep1__gas1.json,帝人株式会社,580001341,1,1,extracted_from_html,True,OK,ok rows=15 bad=0,15,
/Users/shou/hobby/CPX/nikkei-stock/data/data_collection/processed/yfinance_gx_20251219_172854/2nd screening/_generated_envgraph_20251223_205917/raw_json/広島ガス株式会社__600019161__rep1__gas1.json,広島ガス株式会社,600019161,1,1,extracted_from_html,True,OK,ok rows=15 bad=0,15,
/Users/shou/hobby/CPX/nikkei-stock/data/data_collection/processed/yfinance_gx_20251219_172854/2nd screening/_generated_envgraph_20251223_205917/raw_json/愛三工業株式会社__400001985__rep1__gas1.json,愛三工業株式会社,400001985,1,1,extracted_from_html,True,OK,ok rows=15 bad=0,15,
/Users/shou/hobby/CPX/nikkei-stock/data/data_collection/processed/yfinance_gx_20251219_172854/2nd screening/_generated_envgraph_20251223_205917/raw_json/愛知製鋼株式会社__400004029__rep1__gas1.json,愛知製鋼株式会社,400004029,1,1,extracted_from_html,True,OK,ok rows=15 bad=0,15,
/Users/shou/hobby/CPX/nikkei-stock/data/data_collection/processed/yfinance_gx_20251219_172854/2nd screening/_generated_envgraph_20251223_205917/raw_json/戸田建設株式会社__985456201__rep1__gas1.json,戸田建設株式会社,985456201,1,1,extracted_from_html,True,OK,ok rows=15 bad=0,15,
/Users/shou/hobby/CPX/nikkei-stock/data/data_collection/processed/yfinance_gx_20251219_172854/2nd screening/_generated_envgraph_20251223_205917/raw_json/新日本電工株式会社__985670407__rep1__gas1.json,新日本電工株式会社,985670407,1,1,extracted_from_html,True,OK,ok rows=15 bad=0,15,
/Users/shou/hobby/CPX/nikkei-stock/data/data_collection/processed/yfinance_gx_20251219_172854/2nd screening/_generated_envgraph_20251223_205917/raw_json/日本ゼオン株式会社__985660302__rep1__gas1.json,日本ゼオン株式会社,985660302,1,1,extracted_from_html,True,OK,ok rows=15 bad=0,15,
/Users/shou/hobby/CPX/nikkei-stock/data/data_collection/processed/yfinance_gx_20251219_172854/2nd screening/_generated_envgraph_20251223_205917/raw_json/日本冶金工業株式会社__985681204__rep1__gas1.json,日本冶金工業株式会社,985681204,1,1,extracted_from_html,True,OK,ok rows=14 bad=0,14,
/Users/shou/hobby/CPX/nikkei-stock/data/data_collection/processed/yfinance_gx_20251219_172854/2nd screening/_generated_envgraph_20251223_205917/raw_json/日本特殊陶業株式会社__400108551__rep1__gas1.json,日本特殊陶業株式会社,400108551,1,1,extracted_from_html,True,OK,ok rows=15 bad=0,15,
/Users/shou/hobby/CPX/nikkei-stock/data/data_collection/processed/yfinance_gx_20251219_172854/2nd screening/_generated_envgraph_20251223_205917/raw_json/日本紙パルプ商事株式会社__985642304__rep1__gas1.json,日本紙パルプ商事株式会社,985642304,1,1,extracted_from_html,True,OK,ok rows=14 bad=0,14,
/Users/shou/hobby/CPX/nikkei-stock/data/data_collection/processed/yfinance_gx_20251219_172854/2nd screening/_generated_envgraph_20251223_205917/raw_json/日本製紙株式会社__985313100__rep1__gas1.json,日本製紙株式会社,985313100,1,1,extracted_from_html,True,OK,ok rows=15 bad=0,15,
/Users/shou/hobby/CPX/nikkei-stock/data/data_collection/processed/yfinance_gx_20251219_172854/2nd screening/_generated_envgraph_20251223_205917/raw_json/日本製鉄株式会社__985336900__rep1__gas1.json,日本製鉄株式会社,985336900,1,1,extracted_from_html,True,OK,ok rows=15 bad=0,15,
/Users/shou/hobby/CPX/nikkei-stock/data/data_collection/processed/yfinance_gx_20251219_172854/2nd screening/_generated_envgraph_20251223_205917/raw_json/日本軽金属ホールディングス株式会社__985646205__rep1__gas1.json,日本軽金属ホールディングス株式会社,985646205,1,1,extracted_from_html,True,OK,ok rows=15 bad=0,15,
/Users/shou/hobby/CPX/nikkei-stock/data/data_collection/processed/yfinance_gx_20251219_172854/2nd screening/_generated_envgraph_20251223_205917/raw_json/日本郵船株式会社__985681705__rep1__gas1.json,日本郵船株式会社,985681705,1,1,extracted_from_html,True,OK,ok rows=15 bad=0,15,
/Users/shou/hobby/CPX/nikkei-stock/data/data_collection/processed/yfinance_gx_20251219_172854/2nd screening/_generated_envgraph_20251223_205917/raw_json/日東電工株式会社__580064771__rep1__gas1.json,日東電工株式会社,580064771,1,1,extracted_from_html,True,OK,ok rows=15 bad=0,15,
/Users/shou/hobby/CPX/nikkei-stock/data/data_collection/processed/yfinance_gx_20251219_172854/2nd screening/_generated_envgraph_20251223_205917/raw_json/日油株式会社__985681302__rep1__gas1.json,日油株式会社,985681302,1,1,extracted_from_html,True,OK,ok rows=15 bad=0,15,
/Users/shou/hobby/CPX/nikkei-stock/data/data_collection/processed/yfinance_gx_20251219_172854/2nd screening/_generated_envgraph_20251223_205917/raw_json/日産化学株式会社__985612501__rep1__gas1.json,日産化学株式会社,985612501,1,1,extracted_from_html,True,OK,ok rows=15 bad=0,15,
/Users/shou/hobby/CPX/nikkei-stock/data/data_collection/processed/yfinance_gx_20251219_172854/2nd screening/_generated_envgraph_20251223_205917/raw_json/日産自動車株式会社__985612708__rep1__gas1.json,日産自動車株式会社,985612708,1,1,extracted_from_html,True,OK,ok rows=15 bad=0,15,
/Users/shou/hobby/CPX/nikkei-stock/data/data_collection/processed/yfinance_gx_20251219_172854/2nd screening/_generated_envgraph_20251223_205917/raw_json/日立建機株式会社__985710807__rep1__gas1.json,日立建機株式会社,985710807,1,1,extracted_from_html,True,OK,ok rows=15 bad=0,15,
/Users/shou/hobby/CPX/nikkei-stock/data/data_collection/processed/yfinance_gx_20251219_172854/2nd screening/_generated_envgraph_20251223_205917/raw_json/日野自動車株式会社__985712409__rep1__gas1.json,日野自動車株式会社,985712409,1,1,extracted_from_html,True,OK,ok rows=15 bad=0,15,
/Users/shou/hobby/CPX/nikkei-stock/data/data_collection/processed/yfinance_gx_20251219_172854/2nd screening/_generated_envgraph_20251223_205917/raw_json/旭化成株式会社__580004915__rep1__gas1.json,旭化成株式会社,580004915,1,1,extracted_from_html,True,OK,ok rows=15 bad=0,15,
/Users/shou/hobby/CPX/nikkei-stock/data/data_collection/processed/yfinance_gx_20251219_172854/2nd screening/_generated_envgraph_20251223_205917/raw_json/明治ホールディングス株式会社__985814507__rep1__gas1.json,明治ホールディングス株式会社,985814507,1,1,extracted_from_html,True,OK,ok rows=15 bad=0,15,
/Users/shou/hobby/CPX/nikkei-stock/data/data_collection/processed/yfinance_gx_20251219_172854/2nd screening/_generated_envgraph_20251223_205917/raw_json/本田技研工業株式会社__985757509__rep1__gas1.json,本田技研工業株式会社,985757509,1,1,extracted_from_html,True,OK,ok rows=15 bad=0,15,
/Users/shou/hobby/CPX/nikkei-stock/data/data_collection/processed/yfinance_gx_20251219_172854/2nd screening/_generated_envgraph_20251223_205917/raw_json/東ソー株式会社__640351830__rep1__gas1.json,東ソー株式会社,640351830,1,1,extracted_from_html,True,OK,ok rows=15 bad=0,15,
/Users/shou/hobby/CPX/nikkei-stock/data/data_collection/processed/yfinance_gx_20251219_172854/2nd screening/_generated_envgraph_20251223_205917/raw_json/東レ株式会社__985546003__rep1__gas1.json,東レ株式会社,985546003,1,1,extracted_from_html,True,OK,ok rows=15 bad=0,15,
/Users/shou/hobby/CPX/nikkei-stock/data/data_collection/processed/yfinance_gx_20251219_172854/2nd screening/_generated_envgraph_20251223_205917/raw_json/東亞合成株式会社__985462709__rep1__gas1.json,東亞合成株式会社,985462709,1,1,extracted_from_html,True,OK,ok rows=15 bad=0,15,
/Users/shou/hobby/CPX/nikkei-stock/data/data_collection/processed/yfinance_gx_20251219_172854/2nd screening/_generated_envgraph_20251223_205917/raw_json/東京電力ホールディングス株式会社__985496609__rep1__gas1.json,東京電力ホールディングス株式会社,985496609,1,1,extracted_from_html,True,OK,ok rows=15 bad=0,15,
/Users/shou/hobby/CPX/nikkei-stock/data/data_collection/processed/yfinance_gx_20251219_172854/2nd screening/_generated_envgraph_20251223_205917/raw_json/東北電力株式会社__100034834__rep1__gas1.json,東北電力株式会社,100034834,1,1,extracted_from_html,True,OK,ok rows=15 bad=0,15,
/Users/shou/hobby/CPX/nikkei-stock/data/data_collection/processed/yfinance_gx_20251219_172854/2nd screening/_generated_envgraph_20251223_205917/raw_json/東急不動産ホールディングス株式会社__985471403__rep1__gas1.json,東急不動産ホールディングス株式会社,985471403,1,1,extracted_from_html,True,OK,ok rows=15 bad=0,15,
/Users/shou/hobby/CPX/nikkei-stock/data/data_collection/processed/yfinance_gx_20251219_172854/2nd screening/_generated_envgraph_20251223_205917/raw_json/東急株式会社__985475903__rep1__gas1.json,東急株式会社,985475903,1,1,extracted_from_html,True,OK,ok rows=15 bad=0,15,
/Users/shou/hobby/CPX/nikkei-stock/data/data_collection/processed/yfinance_gx_20251219_172854/2nd screening/_generated_envgraph_20251223_205917/raw_json/東日本旅客鉄道株式会社__987070351__rep1__gas1.json,東日本旅客鉄道株式会社,987070351,1,1,extracted_from_html,True,OK,ok rows=15 bad=0,15,
/Users/shou/hobby/CPX/nikkei-stock/data/data_collection/processed/yfinance_gx_20251219_172854/2nd screening/_generated_envgraph_20251223_205917/raw_json/東洋紡株式会社__580005000__rep1__gas1.json,東洋紡株式会社,580005000,1,1,extracted_from_html,True,OK,ok rows=15 bad=0,15,
/Users/shou/hobby/CPX/nikkei-stock/data/data_collection/processed/yfinance_gx_20251219_172854/2nd screening/_generated_envgraph_20251223_205917/raw_json/東邦チタニウム株式会社__985530701__rep1__gas1.json,東邦チタニウム株式会社,985530701,1,1,extracted_from_html,True,OK,ok rows=15 bad=0,15,
/Users/shou/hobby/CPX/nikkei-stock/data/data_collection/processed/yfinance_gx_20251219_172854/2nd screening/_generated_envgraph_20251223_205917/raw_json/栗田工業株式会社__985176001__rep1__gas1.json,栗田工業株式会社,985176001,1,1,extracted_from_html,True,OK,ok rows=14 bad=0,14,
/Users/shou/hobby/CPX/nikkei-stock/data/data_collection/processed/yfinance_gx_20251219_172854/2nd screening/_generated_envgraph_20251223_205917/raw_json/株式会社_アイシン__400000066__rep1__gas1.json,株式会社_アイシン,400000066,1,1,extracted_from_html,True,OK,ok rows=15 bad=0,15,
/Users/shou/hobby/CPX/nikkei-stock/data/data_collection/processed/yfinance_gx_20251219_172854/2nd screening/_generated_envgraph_20251223_205917/raw_json/株式会社_上組__530011724__rep1__gas1.json,株式会社_上組,530011724,1,1,extracted_from_html,True,OK,ok rows=15 bad=0,15,
/Users/shou/hobby/CPX/nikkei-stock/data/data_collection/processed/yfinance_gx_20251219_172854/2nd screening/_generated_envgraph_20251223_205917/raw_json/株式会社アマダ__200106551__rep1__gas1.json,株式会社アマダ,200106551,1,1,extracted_from_html,True,OK,ok rows=15 bad=0,15,
/Users/shou/hobby/CPX/nikkei-stock/data/data_collection/processed/yfinance_gx_20251219_172854/2nd screening/_generated_envgraph_20251223_205917/raw_json/株式会社アーレスティ__985724508__rep1__gas1.json,株式会社アーレスティ,985724508,1,1,extracted_from_html,True,OK,ok rows=15 bad=0,15,
/Users/shou/hobby/CPX/nikkei-stock/data/data_collection/processed/yfinance_gx_20251219_172854/2nd screening/_generated_envgraph_20251223_205917/raw_json/株式会社イトーキ__580191442__rep1__gas1.json,株式会社イトーキ,580191442,1,1,extracted_from_html,True,OK,ok rows=15 bad=0,15,
/Users/shou/hobby/CPX/nikkei-stock/data/data_collection/processed/yfinance_gx_20251219_172854/2nd screening/_generated_envgraph_20251223_205917/raw_json/株式会社エフ_シー_シー__430018867__rep1__gas1.json,株式会社エフ_シー_シー,430018867,1,1,extracted_from_html,True,OK,ok rows=15 bad=0,15,
/Users/shou/hobby/CPX/nikkei-stock/data/data_collection/processed/yfinance_gx_20251219_172854/2nd screening/_generated_envgraph_20251223_205917/raw_json/株式会社オキサイド__280263436__rep1__gas1.json,株式会社オキサイド,280263436,1,1,extracted_from_html,True,OK,ok rows=4 bad=0,4,
/Users/shou/hobby/CPX/nikkei-stock/data/data_collection/processed/yfinance_gx_20251219_172854/2nd screening/_generated_envgraph_20251223_205917/raw_json/株式会社カネカ__580046998__rep1__gas1.json,株式会社カネカ,580046998,1,1,extracted_from_html,True,OK,ok rows=15 bad=0,15,
/Users/shou/hobby/CPX/nikkei-stock/data/data_collection/processed/yfinance_gx_20251219_172854/2nd screening/_generated_envgraph_20251223_205917/raw_json/株式会社クボタ__580010082__rep1__gas1.json,株式会社クボタ,580010082,1,1,extracted_from_html,True,OK,ok rows=15 bad=0,15,
/Users/shou/hobby/CPX/nikkei-stock/data/data_collection/processed/yfinance_gx_20251219_172854/2nd screening/_generated_envgraph_20251223_205917/raw_json/株式会社クラレ__580006061__rep1__gas1.json,株式会社クラレ,580006061,1,1,extracted_from_html,True,OK,ok rows=15 bad=0,15,
/Users/shou/hobby/CPX/nikkei-stock/data/data_collection/processed/yfinance_gx_20251219_172854/2nd screening/_generated_envgraph_20251223_205917/raw_json/株式会社ジェイテクト__580002189__rep1__gas1.json,株式会社ジェイテクト,580002189,1,1,extracted_from_html,True,OK,ok rows=15 bad=0,15,
/Users/shou/hobby/CPX/nikkei-stock/data/data_collection/processed/yfinance_gx_20251219_172854/2nd screening/_generated_envgraph_20251223_205917/raw_json/株式会社ダイセル__580005215__rep1__gas1.json,株式会社ダイセル,580005215,1,1,extracted_from_html,True,OK,ok rows=15 bad=0,15,
/Users/shou/hobby/CPX/nikkei-stock/data/data_collection/processed/yfinance_gx_20251219_172854/2nd screening/_generated_envgraph_20251223_205917/raw_json/株式会社ダイフク__580014081__rep1__gas1.json,株式会社ダイフク,580014081,1,1,extracted_from_html,True,OK,ok rows=15 bad=0,15,
/Users/shou/hobby/CPX/nikkei-stock/data/data_collection/processed/yfinance_gx_20251219_172854/2nd screening/_generated_envgraph_20251223_205917/raw_json/株式会社ダイヘン__580004129__rep1__gas1.json,株式会社ダイヘン,580004129,1,1,extracted_from_html,True,OK,ok rows=15 bad=0,15,
/Users/shou/hobby/CPX/nikkei-stock/data/data_collection/processed/yfinance_gx_20251219_172854/2nd screening/_generated_envgraph_20251223_205917/raw_json/株式会社デンソー__400108408__rep1__gas1.json,株式会社デンソー,400108408,1,1,extracted_from_html,True,OK,ok rows=15 bad=0,15,
/Users/shou/hobby/CPX/nikkei-stock/data/data_collection/processed/yfinance_gx_20251219_172854/2nd screening/_generated_envgraph_20251223_205917/raw_json/株式会社トクヤマ__640006257__rep1__gas1.json,株式会社トクヤマ,640006257,1,1,extracted_from_html,True,OK,ok rows=15 bad=0,15,
/Users/shou/hobby/CPX/nikkei-stock/data/data_collection/processed/yfinance_gx_20251219_172854/2nd screening/_generated_envgraph_20251223_205917/raw_json/株式会社フジクラ__985741607__rep1__gas1.json,株式会社フジクラ,985741607,1,1,extracted_from_html,True,OK,ok rows=15 bad=0,15,
/Users/shou/hobby/CPX/nikkei-stock/data/data_collection/processed/yfinance_gx_20251219_172854/2nd screening/_generated_envgraph_20251223_205917/raw_json/株式会社ブリヂストン__985721702__rep1__gas1.json,株式会社ブリヂストン,985721702,1,1,extracted_from_html,True,OK,ok rows=15 bad=0,15,
/Users/shou/hobby/CPX/nikkei-stock/data/data_collection/processed/yfinance_gx_20251219_172854/2nd screening/_generated_envgraph_20251223_205917/raw_json/株式会社レゾナック_ホールディングス__985710306__rep1__gas1.json,株式会社レゾナック_ホールディングス,985710306,1,1,extracted_from_html,True,OK,ok rows=15 bad=0,15,
/Users/shou/hobby/CPX/nikkei-stock/data/data_collection/processed/yfinance_gx_20251219_172854/2nd screening/_generated_envgraph_20251223_205917/raw_json/株式会社中山製鋼所__580002877__rep1__gas1.json,株式会社中山製鋼所,580002877,1,1,extracted_from_html,True,OK,ok rows=15 bad=0,15,
/Users/shou/hobby/CPX/nikkei-stock/data/data_collection/processed/yfinance_gx_20251219_172854/2nd screening/_generated_envgraph_20251223_205917/raw_json/株式会社伊藤園__985035755__rep1__gas1.json,株式会社伊藤園,985035755,1,1,extracted_from_html,True,OK,ok rows=15 bad=0,15,
/Users/shou/hobby/CPX/nikkei-stock/data/data_collection/processed/yfinance_gx_20251219_172854/2nd screening/_generated_envgraph_20251223_205917/raw_json/株式会社佐藤渡辺__985866101__rep1__gas1.json,株式会社佐藤渡辺,985866101,1,1,extracted_from_html,True,OK,ok rows=15 bad=0,15,
/Users/shou/hobby/CPX/nikkei-stock/data/data_collection/processed/yfinance_gx_20251219_172854/2nd screening/_generated_envgraph_20251223_205917/raw_json/株式会社商船三井__985091807__rep1__gas1.json,株式会社商船三井,985091807,1,1,extracted_from_html,True,OK,ok rows=15 bad=0,15,
/Users/shou/hobby/CPX/nikkei-stock/data/data_collection/processed/yfinance_gx_20251219_172854/2nd screening/_generated_envgraph_20251223_205917/raw_json/株式会社大林組__580000489__rep1__gas1.json,株式会社大林組,580000489,1,1,extracted_from_html,True,OK,ok rows=15 bad=0,15,
/Users/shou/hobby/CPX/nikkei-stock/data/data_collection/processed/yfinance_gx_20251219_172854/2nd screening/_generated_envgraph_20251223_205917/raw_json/株式会社大阪ソーダ__580024346__rep1__gas1.json,株式会社大阪ソーダ,580024346,1,1,extracted_from_html,True,OK,ok rows=15 bad=0,15,
/Users/shou/hobby/CPX/nikkei-stock/data/data_collection/processed/yfinance_gx_20251219_172854/2nd screening/_generated_envgraph_20251223_205917/raw_json/株式会社大阪チタニウムテクノロジーズ__250294997__rep1__gas1.json,株式会社大阪チタニウムテクノロジーズ,250294997,1,1,extracted_from_html,True,OK,ok rows=15 bad=0,15,
/Users/shou/hobby/CPX/nikkei-stock/data/data_collection/processed/yfinance_gx_20251219_172854/2nd screening/_generated_envgraph_20251223_205917/raw_json/株式会社山善__580031215__rep1__gas1.json,株式会社山善,580031215,1,1,,False,NO_GRAPH,no_script_graph,0,417.0
/Users/shou/hobby/CPX/nikkei-stock/data/data_collection/processed/yfinance_gx_20251219_172854/2nd screening/_generated_envgraph_20251223_205917/raw_json/株式会社島津製作所__500011492__rep1__gas1.json,株式会社島津製作所,500011492,1,1,extracted_from_html,True,OK,ok rows=15 bad=0,15,
/Users/shou/hobby/CPX/nikkei-stock/data/data_collection/processed/yfinance_gx_20251219_172854/2nd screening/_generated_envgraph_20251223_205917/raw_json/株式会社日本触媒__580003239__rep1__gas1.json,株式会社日本触媒,580003239,1,1,extracted_from_html,True,OK,ok rows=15 bad=0,15,
/Users/shou/hobby/CPX/nikkei-stock/data/data_collection/processed/yfinance_gx_20251219_172854/2nd screening/_generated_envgraph_20251223_205917/raw_json/株式会社日立製作所__985711303__rep1__gas1.json,株式会社日立製作所,985711303,1,1,extracted_from_html,True,OK,ok rows=15 bad=0,15,
/Users/shou/hobby/CPX/nikkei-stock/data/data_collection/processed/yfinance_gx_20251219_172854/2nd screening/_generated_envgraph_20251223_205917/raw_json/株式会社明電舎__985815308__rep1__gas1.json,株式会社明電舎,985815308,1,1,extracted_from_html,True,OK,ok rows=15 bad=0,15,
/Users/shou/hobby/CPX/nikkei-stock/data/data_collection/processed/yfinance_gx_20251219_172854/2nd screening/_generated_envgraph_20251223_205917/raw_json/株式会社村田製作所__500032213__rep1__gas1.json,株式会社村田製作所,500032213,1,1,extracted_from_html,True,OK,ok rows=15 bad=0,15,
/Users/shou/hobby/CPX/nikkei-stock/data/data_collection/processed/yfinance_gx_20251219_172854/2nd screening/_generated_envgraph_20251223_205917/raw_json/株式会社東光高岳__348007181__rep1__gas1.json,株式会社東光高岳,348007181,1,1,extracted_from_html,True,OK,ok rows=10 bad=0,10,
/Users/shou/hobby/CPX/nikkei-stock/data/data_collection/processed/yfinance_gx_20251219_172854/2nd screening/_generated_envgraph_20251223_205917/raw_json/株式会社東海理化電機製作所__400090555__rep1__gas1.json,株式会社東海理化電機製作所,400090555,1,1,extracted_from_html,True,OK,ok rows=15 bad=0,15,
/Users/shou/hobby/CPX/nikkei-stock/data/data_collection/processed/yfinance_gx_20251219_172854/2nd screening/_generated_envgraph_20251223_205917/raw_json/株式会社神戸製鋼所__530000266__rep1__gas1.json,株式会社神戸製鋼所,530000266,1,1,extracted_from_html,True,OK,ok rows=15 bad=0,15,
/Users/shou/hobby/CPX/nikkei-stock/data/data_collection/processed/yfinance_gx_20251219_172854/2nd screening/_generated_envgraph_20251223_205917/raw_json/株式会社荏原製作所__985073809__rep1__gas1.json,株式会社荏原製作所,985073809,1,1,extracted_from_html,True,OK,ok rows=15 bad=0,15,
/Users/shou/hobby/CPX/nikkei-stock/data/data_collection/processed/yfinance_gx_20251219_172854/2nd screening/_generated_envgraph_20251223_205917/raw_json/株式会社西部技研__800162996__rep1__gas1.json,株式会社西部技研,800162996,1,1,extracted_from_html,True,OK,ok rows=4 bad=0,4,
/Users/shou/hobby/CPX/nikkei-stock/data/data_collection/processed/yfinance_gx_20251219_172854/2nd screening/_generated_envgraph_20251223_205917/raw_json/株式会社豊田自動織機__400095060__rep1__gas1.json,株式会社豊田自動織機,400095060,1,1,extracted_from_html,True,OK,ok rows=15 bad=0,15,
/Users/shou/hobby/CPX/nikkei-stock/data/data_collection/processed/yfinance_gx_20251219_172854/2nd screening/_generated_envgraph_20251223_205917/raw_json/株式会社酉島製作所__580038181__rep1__gas1.json,株式会社酉島製作所,580038181,1,1,extracted_from_html,True,OK,ok rows=15 bad=0,15,
/Users/shou/hobby/CPX/nikkei-stock/data/data_collection/processed/yfinance_gx_20251219_172854/2nd screening/_generated_envgraph_20251223_205917/raw_json/株式会社駒井ハルテック__580006526__rep1__gas1.json,株式会社駒井ハルテック,580006526,1,1,extracted_from_html,True,OK,ok rows=15 bad=0,15,
/Users/shou/hobby/CPX/nikkei-stock/data/data_collection/processed/yfinance_gx_20251219_172854/2nd screening/_generated_envgraph_20251223_205917/raw_json/株式会社ＩＨＩ__985043309__rep1__gas1.json,株式会社ＩＨＩ,985043309,1,1,extracted_from_html,True,OK,ok rows=15 bad=0,15,
/Users/shou/hobby/CPX/nikkei-stock/data/data_collection/processed/yfinance_gx_20251219_172854/2nd screening/_generated_envgraph_20251223_205917/raw_json/株式会社ＵＡＣＪ__980885721__rep1__gas1.json,株式会社ＵＡＣＪ,980885721,1,1,extracted_from_html,True,OK,ok rows=15 bad=0,15,
/Users/shou/hobby/CPX/nikkei-stock/data/data_collection/processed/yfinance_gx_20251219_172854/2nd screening/_generated_envgraph_20251223_205917/raw_json/森永乳業株式会社__985821708__rep1__gas1.json,森永乳業株式会社,985821708,1,1,extracted_from_html,True,OK,ok rows=15 bad=0,15,
/Users/shou/hobby/CPX/nikkei-stock/data/data_collection/processed/yfinance_gx_20251219_172854/2nd screening/_generated_envgraph_20251223_205917/raw_json/横河電機株式会社__985851108__rep1__gas1.json,横河電機株式会社,985851108,1,1,extracted_from_html,True,OK,ok rows=15 bad=0,15,
/Users/shou/hobby/CPX/nikkei-stock/data/data_collection/processed/yfinance_gx_20251219_172854/2nd screening/_generated_envgraph_20251223_205917/raw_json/沖縄電力株式会社__900001432__rep1__gas1.json,沖縄電力株式会社,900001432,1,1,extracted_from_html,True,OK,ok rows=15 bad=0,15,
/Users/shou/hobby/CPX/nikkei-stock/data/data_collection/processed/yfinance_gx_20251219_172854/2nd screening/_generated_envgraph_20251223_205917/raw_json/浜松ホトニクス株式会社__430016693__rep1__gas1.json,浜松ホトニクス株式会社,430016693,1,1,extracted_from_html,True,OK,ok rows=15 bad=0,15,
/Users/shou/hobby/CPX/nikkei-stock/data/data_collection/processed/yfinance_gx_20251219_172854/2nd screening/_generated_envgraph_20251223_205917/raw_json/清水建設株式会社__985302607__rep1__gas1.json,清水建設株式会社,985302607,1,1,extracted_from_html,True,OK,ok rows=15 bad=0,15,
/Users/shou/hobby/CPX/nikkei-stock/data/data_collection/processed/yfinance_gx_20251219_172854/2nd screening/_generated_envgraph_20251223_205917/raw_json/王子ホールディングス株式会社__985101000__rep1__gas1.json,王子ホールディングス株式会社,985101000,1,1,extracted_from_html,True,OK,ok rows=15 bad=0,15,
/Users/shou/hobby/CPX/nikkei-stock/data/data_collection/processed/yfinance_gx_20251219_172854/2nd screening/_generated_envgraph_20251223_205917/raw_json/石塚硝子株式会社__400014025__rep1__gas1.json,石塚硝子株式会社,400014025,1,1,extracted_from_html,True,OK,ok rows=15 bad=0,15,
/Users/shou/hobby/CPX/nikkei-stock/data/data_collection/processed/yfinance_gx_20251219_172854/2nd screening/_generated_envgraph_20251223_205917/raw_json/石油資源開発株式会社__985354701__rep1__gas1.json,石油資源開発株式会社,985354701,1,1,extracted_from_html,True,OK,ok rows=15 bad=0,15,
/Users/shou/hobby/CPX/nikkei-stock/data/data_collection/processed/yfinance_gx_20251219_172854/2nd screening/_generated_envgraph_20251223_205917/raw_json/積水ハウス株式会社__580363860__rep1__gas1.json,積水ハウス株式会社,580363860,1,1,extracted_from_html,True,OK,ok rows=15 bad=0,15,
/Users/shou/hobby/CPX/nikkei-stock/data/data_collection/processed/yfinance_gx_20251219_172854/2nd screening/_generated_envgraph_20251223_205917/raw_json/積水化学工業株式会社__580038870__rep1__gas1.json,積水化学工業株式会社,580038870,1,1,extracted_from_html,True,OK,ok rows=15 bad=0,15,
/Users/shou/hobby/CPX/nikkei-stock/data/data_collection/processed/yfinance_gx_20251219_172854/2nd screening/_generated_envgraph_20251223_205917/raw_json/第一三共株式会社__988792136__rep1__gas1.json,第一三共株式会社,988792136,1,1,extracted_from_html,True,OK,ok rows=15 bad=0,15,
/Users/shou/hobby/CPX/nikkei-stock/data/data_collection/processed/yfinance_gx_20251219_172854/2nd screening/_generated_envgraph_20251223_205917/raw_json/第一稀元素化学工業株式会社__580304671__rep1__gas1.json,第一稀元素化学工業株式会社,580304671,1,1,extracted_from_html,True,OK,ok rows=15 bad=0,15,
/Users/shou/hobby/CPX/nikkei-stock/data/data_collection/processed/yfinance_gx_20251219_172854/2nd screening/_generated_envgraph_20251223_205917/raw_json/西日本旅客鉄道株式会社__581100003__rep1__gas1.json,西日本旅客鉄道株式会社,581100003,1,1,extracted_from_html,True,OK,ok rows=15 bad=0,15,
/Users/shou/hobby/CPX/nikkei-stock/data/data_collection/processed/yfinance_gx_20251219_172854/2nd screening/_generated_envgraph_20251223_205917/raw_json/西日本鉄道株式会社__800003425__rep1__gas1.json,西日本鉄道株式会社,800003425,1,1,extracted_from_html,True,OK,ok rows=15 bad=0,15,
/Users/shou/hobby/CPX/nikkei-stock/data/data_collection/processed/yfinance_gx_20251219_172854/2nd screening/_generated_envgraph_20251223_205917/raw_json/豊田合成株式会社__400096862__rep1__gas1.json,豊田合成株式会社,400096862,1,1,extracted_from_html,True,OK,ok rows=15 bad=0,15,
/Users/shou/hobby/CPX/nikkei-stock/data/data_collection/processed/yfinance_gx_20251219_172854/2nd screening/_generated_envgraph_20251223_205917/raw_json/豊田通商株式会社__400095131__rep1__gas1.json,豊田通商株式会社,400095131,1,1,extracted_from_html,True,OK,ok rows=15 bad=0,15,
/Users/shou/hobby/CPX/nikkei-stock/data/data_collection/processed/yfinance_gx_20251219_172854/2nd screening/_generated_envgraph_20251223_205917/raw_json/長瀬産業株式会社__580000120__rep1__gas1.json,長瀬産業株式会社,580000120,1,1,extracted_from_html,True,OK,ok rows=15 bad=0,15,
/Users/shou/hobby/CPX/nikkei-stock/data/data_collection/processed/yfinance_gx_20251219_172854/2nd screening/_generated_envgraph_20251223_205917/raw_json/関西電力株式会社__580111183__rep1__gas1.json,関西電力株式会社,580111183,1,1,extracted_from_html,True,OK,ok rows=15 bad=0,15,
/Users/shou/hobby/CPX/nikkei-stock/data/data_collection/processed/yfinance_gx_20251219_172854/2nd screening/_generated_envgraph_20251223_205917/raw_json/阪和興業株式会社__580042649__rep1__gas1.json,阪和興業株式会社,580042649,1,1,,False,NO_GRAPH,no_script_graph,0,417.0
/Users/shou/hobby/CPX/nikkei-stock/data/data_collection/processed/yfinance_gx_20251219_172854/2nd screening/_generated_envgraph_20251223_205917/raw_json/電源開発株式会社__985452408__rep1__gas1.json,電源開発株式会社,985452408,1,1,extracted_from_html,True,OK,ok rows=15 bad=0,15,
/Users/shou/hobby/CPX/nikkei-stock/data/data_collection/processed/yfinance_gx_20251219_172854/2nd screening/_generated_envgraph_20251223_205917/raw_json/静岡ガス株式会社__420015816__rep1__gas1.json,静岡ガス株式会社,420015816,1,1,extracted_from_html,True,OK,ok rows=15 bad=0,15,
/Users/shou/hobby/CPX/nikkei-stock/data/data_collection/processed/yfinance_gx_20251219_172854/2nd screening/_generated_envgraph_20251223_205917/raw_json/高砂熱学工業株式会社__985405005__rep1__gas1.json,高砂熱学工業株式会社,985405005,1,1,extracted_from_html,True,OK,ok rows=3 bad=0,3,
/Users/shou/hobby/CPX/nikkei-stock/data/data_collection/processed/yfinance_gx_20251219_172854/2nd screening/_generated_envgraph_20251223_205917/raw_json/鹿島建設株式会社__985115201__rep1__gas1.json,鹿島建設株式会社,985115201,1,1,extracted_from_html,True,OK,ok rows=15 bad=0,15,
/Users/shou/hobby/CPX/nikkei-stock/data/data_collection/processed/yfinance_gx_20251219_172854/2nd screening/_generated_envgraph_20251223_205917/raw_json/ＴＯＴＯ株式会社__810002001__rep1__gas1.json,ＴＯＴＯ株式会社,810002001,1,1,extracted_from_html,True,OK,ok rows=15 bad=0,15,
