会社名,業種,排出量区分
田島山業株式会社,農業、林業、漁業,0
中江産業株式会社,農業、林業、漁業,0
ネッツフォレスト陸上養殖株式会社,農業、林業、漁業,0
根羽村森林組合,農業、林業、漁業,0
ヘンプイノベーション株式会社,農業、林業、漁業,0
ＥＮＥＯＳ　Ｘｐｌｏｒａ株式会社,鉱業・採石業・砂利採取業,2
株式会社ＩＮＰＥＸ,鉱業・採石業・砂利採取業,2
※ 石油資源開発株式会社,鉱業・採石業・砂利採取業,2
ＥＡＲＴＨ　ＣＲＥＡＴＥ株式会社,建設業,2
ＪＦＥエンジニアリング株式会社,建設業,2
インフロニア・ホールディングス株式会社,建設業,2
エコワークス株式会社,建設業,2
鹿島建設株式会社,建設業,2
株式会社大林組,建設業,2
株式会社ＥＴＳホールディングス,建設業,2
株式会社ＧＮＥ,建設業,2
株式会社Ｌｉｂ　Ｗｏｒｋ,建設業,2
株式会社ＴＯＳＹＳ,建設業,2
株式会社あったかハウスナビ,建設業,2
株式会社安藤・間,建設業,2
株式会社奥村組,建設業,2
株式会社草野組,建設業,2
株式会社クリハラント,建設業,2
株式会社グローライズ,建設業,2
株式会社佐藤渡辺,建設業,2
株式会社竹中工務店,建設業,2
株式会社東京エネシス,建設業,2
株式会社フォーバルテクノロジー,建設業,2
株式会社フジタ,建設業,2
株式会社友建設,建設業,2
五洋建設株式会社,建設業,2
清水建設株式会社,建設業,2
スズカ電工株式会社,建設業,2
住友林業株式会社,建設業,2
世紀東急工業株式会社,建設業,2
積水ハウス株式会社,建設業,2
大成建設株式会社,建設業,2
大和ハウス工業株式会社,建設業,2
高砂熱学工業株式会社,建設業,2
東亜建設工業株式会社,建設業,2
東急建設株式会社,建設業,2
東光電気工事株式会社,建設業,2
東洋エンジニアリング株式会社,建設業,2
東洋建設株式会社,建設業,2
戸田建設株式会社,建設業,2
中村建設株式会社,建設業,2
日鉄エンジニアリング株式会社,建設業,2
日揮ホールディングス株式会社,建設業,2
日本道路株式会社,建設業,2
諾亜建設株式会社,建設業,2
三井住友建設株式会社,建設業,2
八洲建設株式会社,建設業,2
大和電機株式会社,建設業,2
TSUCHIYA 株式会社,建設業,2
日本エネルギー総合システム株式会社,建設業,2
RE100電力株式会社,建設業,2
有限会社谷地林業,建設業,2
アサヒグループホールディングス株式会社,食料品、飲料・たばこ・飼料製造業,1
株式会社伊藤園,食料品、飲料・たばこ・飼料製造業,1
株式会社徳永製茶,食料品、飲料・たばこ・飼料製造業,1
株式会社ロッテ,食料品、飲料・たばこ・飼料製造業,1
キリンホールディングス株式会社,食料品、飲料・たばこ・飼料製造業,1
コカ・コーラボトラーズジャパンホールディングス株式会社,食料品、飲料・たばこ・飼料製造業,1
サントリーホールディングス株式会社,食料品、飲料・たばこ・飼料製造業,1
川原食品株式会社,食料品、飲料・たばこ・飼料製造業,1
日清食品ホールディングス株式会社,食料品、飲料・たばこ・飼料製造業,1
※ 明治ホールディングス株式会社,食料品、飲料・たばこ・飼料製造業,1
森永乳業株式会社,食料品、飲料・たばこ・飼料製造業,1
有限会社馬場酒造場,食料品、飲料・たばこ・飼料製造業,1
株式会社アシックス,繊維工業,1
高島リボン株式会社,繊維工業,1
株式会社イトーキ,木材・木製品、家具・装備品製造業,1
王子ホールディングス株式会社,パルプ・紙・紙加工品製造業,1
大王製紙株式会社,パルプ・紙・紙加工品製造業,1
中越パルプ工業株式会社,パルプ・紙・紙加工品製造業,1
日本製紙株式会社,パルプ・紙・紙加工品製造業,1
日本テトラパック株式会社,パルプ・紙・紙加工品製造業,1
北越コーポレーション株式会社,パルプ・紙・紙加工品製造業,1
三菱製紙株式会社,パルプ・紙・紙加工品製造業,1
ユニ・チャーム株式会社,パルプ・紙・紙加工品製造業,1
レンゴー株式会社,パルプ・紙・紙加工品製造業,1
ＴＯＰＰＡＮホールディングス株式会社,印刷・同関連業,1
株式会社大川印刷,印刷・同関連業,1
株式会社光陽社,印刷・同関連業,1
興和紡株式会社,印刷・同関連業,1
大日本印刷株式会社,印刷・同関連業,1
ａｒｔｉｅｎｃｅ株式会社,化学工業,2
ＢＡＳＦジャパン株式会社,化学工業,2
ＤＩＣ株式会社,化学工業,2
ＪＮＣ株式会社,化学工業,2
ＵＢＥ株式会社,化学工業,2
旭化成株式会社,化学工業,2
岩谷産業株式会社,化学工業,2
エア・ウォーター株式会社,化学工業,2
大倉工業株式会社,化学工業,2
株式会社ＴＢＭ,化学工業,2
株式会社大阪ソーダ,化学工業,2
株式会社カネカ,化学工業,2
株式会社クラレ,化学工業,2
株式会社ダイセル,化学工業,2
株式会社常磐植物化学研究所,化学工業,2
株式会社トクヤマ,化学工業,2
株式会社日本触媒,化学工業,2
株式会社やまなしハイドロジェンカンパニー,化学工業,2
※ 株式会社レゾナック・ホールディングス,化学工業,2
小林製薬株式会社,化学工業,2
コベストロジャパン株式会社,化学工業,2
堺化学工業株式会社,化学工業,2
サカタインクス株式会社,化学工業,2
三洋化成工業株式会社,化学工業,2
四国化成ホールディングス株式会社,化学工業,2
住友化学株式会社,化学工業,2
住友精化株式会社,化学工業,2
住友ベークライト株式会社,化学工業,2
積水化学工業株式会社,化学工業,2
セントラル硝子株式会社,化学工業,2
第一稀元素化学工業株式会社,化学工業,2
第一三共株式会社,化学工業,2
帝人株式会社,化学工業,2
デンカ株式会社,化学工業,2
東亞合成株式会社,化学工業,2
東ソー株式会社,化学工業,2
東洋紡株式会社,化学工業,2
東レ株式会社,化学工業,2
日油株式会社,化学工業,2
日産化学株式会社,化学工業,2
日東電工株式会社,化学工業,2
日本ゼオン株式会社,化学工業,2
日本エア・リキード合同会社,化学工業,2
ハリマ化成グループ株式会社,化学工業,2
富士フイルムホールディングス株式会社,化学工業,2
三井化学株式会社,化学工業,2
三菱瓦斯化学株式会社,化学工業,2
三菱ケミカルグループ株式会社,化学工業,2
ユニチカ株式会社,化学工業,2
ライオン株式会社,化学工業,2
ＥＮＥＯＳ株式会社,石油製品・石炭製品製造業,2
出光興産株式会社,石油製品・石炭製品製造業,2
コスモエネルギーホールディングス株式会社,石油製品・石炭製品製造業,2
太陽石油株式会社,石油製品・石炭製品製造業,2
富士石油株式会社,石油製品・石炭製品製造業,2
金山化成株式会社,プラスチック製品製造業 (別掲を除く),2
株式会社ブリヂストン,ゴム製品製造業,2
住友ゴム工業株式会社,ゴム製品製造業,2
ＡＧＣ株式会社,窯業・土石製品製造業,2
ＨＡＲＩＯ株式会社,窯業・土石製品製造業,2
ＴＯＴＯ株式会社,窯業・土石製品製造業,2
ＵＢＥ三菱セメント株式会社,窯業・土石製品製造業,2
石塚硝子株式会社,窯業・土石製品製造業,2
ノリタケ株式会社,窯業・土石製品製造業,2
住友大阪セメント株式会社,窯業・土石製品製造業,2
太平洋セメント株式会社,窯業・土石製品製造業,2
日本特殊陶業株式会社,窯業・土石製品製造業,2
日本板硝子株式会社,窯業・土石製品製造業,2
日本碍子株式会社,窯業・土石製品製造業,2
有限会社李莊窯業所,窯業・土石製品製造業,2
ランデス株式会社,窯業・土石製品製造業,2
ＪＦＥスチール株式会社,鉄鋼業,2
ＪＦＥ条鋼株式会社,鉄鋼業,2
愛知製鋼株式会社,鉄鋼業,2
株式会社ＨＡＲＩＴＡ,鉄鋼業,2
株式会社イボキン,鉄鋼業,2
株式会社神戸製鋼所,鉄鋼業,2
株式会社中山製鋼所,鉄鋼業,2
株式会社プロテリアル,鉄鋼業,2
共英製鋼株式会社,鉄鋼業,2
合同製鐵株式会社,鉄鋼業,2
山陽特殊製鋼株式会社,鉄鋼業,2
新日本電工株式会社,鉄鋼業,2
大同特殊鋼株式会社,鉄鋼業,2
中部鋼鈑株式会社,鉄鋼業,2
日鉄ステンレス株式会社,鉄鋼業,2
日本製鉄株式会社,鉄鋼業,2
日本冶金工業株式会社,鉄鋼業,2
三菱製鋼株式会社,鉄鋼業,2
株式会社德岡テクノ,鉄鋼業,2
ＪＸ金属株式会社,非鉄金属製造業,2
株式会社田中貴金属グループ,非鉄金属製造業,2
※ 株式会社ＬＩＸＩＬ,非鉄金属製造業,2
株式会社ＵＡＣＪ,非鉄金属製造業,2
株式会社アーレスティ,非鉄金属製造業,2
株式会社アビリティー,非鉄金属製造業,2
株式会社大阪チタニウムテクノロジーズ,非鉄金属製造業,2
株式会社フジクラ,非鉄金属製造業,2
住友金属鉱山株式会社,非鉄金属製造業,2
住友電気工業株式会社,非鉄金属製造業,2
東邦チタニウム株式会社,非鉄金属製造業,2
日本軽金属ホールディングス株式会社,非鉄金属製造業,2
古河電気工業株式会社,非鉄金属製造業,2
※ 三井金属鉱業株式会社,非鉄金属製造業,2
三菱マテリアル株式会社,非鉄金属製造業,2
ＹＫＫ　ＡＰ株式会社,金属製品製造業,1
株式会社ＩＨＩ,金属製品製造業,1
株式会社駒井ハルテック,金属製品製造業,1
株式会社コロナ,金属製品製造業,1
三協立山株式会社,金属製品製造業,1
デノラ・ペルメレック株式会社,金属製品製造業,1
不二サッシ株式会社,金属製品製造業,1
リンナイ株式会社,金属製品製造業,1
ＮＴＮ株式会社,はん用、生産用、業務用機械器具製造業,1
オーエスジー株式会社,はん用、生産用、業務用機械器具製造業,1
株式会社アマダ,はん用、生産用、業務用機械器具製造業,1
株式会社荏原製作所,はん用、生産用、業務用機械器具製造業,1
株式会社ＫＡＪＩＷＡＲＡ,はん用、生産用、業務用機械器具製造業,1
株式会社クボタ,はん用、生産用、業務用機械器具製造業,1
株式会社島津製作所,はん用、生産用、業務用機械器具製造業,1
株式会社西部技研,はん用、生産用、業務用機械器具製造業,1
株式会社ダイフク,はん用、生産用、業務用機械器具製造業,1
株式会社酉島製作所,はん用、生産用、業務用機械器具製造業,1
木村工機株式会社,はん用、生産用、業務用機械器具製造業,1
ダイキン工業株式会社,はん用、生産用、業務用機械器具製造業,1
田中鉄工株式会社,はん用、生産用、業務用機械器具製造業,1
トーヨーカネツ株式会社,はん用、生産用、業務用機械器具製造業,1
日本精工株式会社,はん用、生産用、業務用機械器具製造業,1
フクシマガリレイ株式会社,はん用、生産用、業務用機械器具製造業,1
三浦工業株式会社,はん用、生産用、業務用機械器具製造業,1
三菱重工業株式会社,はん用、生産用、業務用機械器具製造業,1
ＬＧエナジーソリューションジャパン株式会社,電子部品・デバイス・電子回路製造業,1
株式会社村田製作所,電子部品・デバイス・電子回路製造業,1
キオクシアホールディングス株式会社,電子部品・デバイス・電子回路製造業,1
京セラ株式会社,電子部品・デバイス・電子回路製造業,1
コンテンポラリー・アンプレックス・テクノロジー・ジャパン株式会社,電子部品・デバイス・電子回路製造業,1
サムスンＳＤＩジャパン株式会社,電子部品・デバイス・電子回路製造業,1
シャープ株式会社,電子部品・デバイス・電子回路製造業,1
シライ電子工業株式会社,電子部品・デバイス・電子回路製造業,1
新光電気工業株式会社,電子部品・デバイス・電子回路製造業,1
ソニーセミコンダクタソリューションズ株式会社,電子部品・デバイス・電子回路製造業,1
デルタ電子株式会社,電子部品・デバイス・電子回路製造業,1
ニチコン株式会社,電子部品・デバイス・電子回路製造業,1
ヌヴォトンテクノロジージャパン株式会社,電子部品・デバイス・電子回路製造業,1
浜松ホトニクス株式会社,電子部品・デバイス・電子回路製造業,1
ビークルエナジージャパン株式会社,電子部品・デバイス・電子回路製造業,1
ホシデン株式会社,電子部品・デバイス・電子回路製造業,1
マイクロンメモリジャパン株式会社,電子部品・デバイス・電子回路製造業,1
ローム株式会社,電子部品・デバイス・電子回路製造業,1
ＢＥＭＡＣ株式会社,電気機械器具製造業,1
ＳＭＡジャパン株式会社,電気機械器具製造業,1
Ｓｕｎｇｒｏｗ　Ｊａｐａｎ株式会社,電気機械器具製造業,1
ＴＡＯＫＥ　ＥＮＥＲＧＹ株式会社,電気機械器具製造業,1
アズビル株式会社,電気機械器具製造業,1
インフォメティス株式会社,電気機械器具製造業,1
オムロン株式会社,電気機械器具製造業,1
株式会社ＧＳユアサ,電気機械器具製造業,1
株式会社ＳＣＲＥＥＮホールディングス,電気機械器具製造業,1
株式会社遠藤照明,電気機械器具製造業,1
株式会社オキサイド,電気機械器具製造業,1
株式会社長府製作所,電気機械器具製造業,1
株式会社東光高岳,電気機械器具製造業,1
※ 株式会社東芝,電気機械器具製造業,1
株式会社パワーエックス,電気機械器具製造業,1
株式会社日立製作所,電気機械器具製造業,1
株式会社明電舎,電気機械器具製造業,1
シュナイダーエレクトリックホールディングス株式会社,電気機械器具製造業,1
ジンコソーラージャパン株式会社,電気機械器具製造業,1
シンフォニアテクノロジー株式会社,電気機械器具製造業,1
株式会社ＴＭＥＩＣ,電気機械器具製造業,1
株式会社ダイヘン,電気機械器具製造業,1
日東工業株式会社,電気機械器具製造業,1
パイオニア株式会社,電気機械器具製造業,1
パナソニックホールディングス株式会社,電気機械器具製造業,1
富士電機株式会社,電気機械器具製造業,1
プライムアースＥＶエナジー株式会社,電気機械器具製造業,1
プライムプラネットエナジー＆ソリューションズ株式会社,電気機械器具製造業,1
マブチモーター株式会社,電気機械器具製造業,1
三菱電機株式会社,電気機械器具製造業,1
横河電機株式会社,電気機械器具製造業,1
ＥＩＺＯ株式会社,情報通信機械器具製造業,1
ＵＤトラックス株式会社,輸送用機械器具製造業,1
愛三工業株式会社,輸送用機械器具製造業,1
いすゞ自動車株式会社,輸送用機械器具製造業,1
株式会社ＳＵＢＡＲＵ,輸送用機械器具製造業,1
株式会社アイシン,輸送用機械器具製造業,1
株式会社エフ・シー・シー,輸送用機械器具製造業,1
株式会社ジェイテクト,輸送用機械器具製造業,1
株式会社ジャパンエンジンコーポレーション,輸送用機械器具製造業,1
株式会社デンソー,輸送用機械器具製造業,1
株式会社東海理化電機製作所,輸送用機械器具製造業,1
株式会社豊田自動織機,輸送用機械器具製造業,1
株式会社ヨロズ,輸送用機械器具製造業,1
川崎重工業株式会社,輸送用機械器具製造業,1
株式会社キャタラー,輸送用機械器具製造業,1
小島プレス工業株式会社,輸送用機械器具製造業,1
スズキ株式会社,輸送用機械器具製造業,1
ダイハツ工業株式会社,輸送用機械器具製造業,1
トピー工業株式会社,輸送用機械器具製造業,1
豊田合成株式会社,輸送用機械器具製造業,1
トヨタ自動車株式会社,輸送用機械器具製造業,1
トヨタ紡織株式会社,輸送用機械器具製造業,1
日産自動車株式会社,輸送用機械器具製造業,1
Ａｓｔｅｍｏ株式会社,輸送用機械器具製造業,1
日野自動車株式会社,輸送用機械器具製造業,1
フォロフライ株式会社,輸送用機械器具製造業,1
本田技研工業株式会社,輸送用機械器具製造業,1
マツダ株式会社,輸送用機械器具製造業,1
三菱自動車工業株式会社,輸送用機械器具製造業,1
三菱ふそうトラック・バス株式会社,輸送用機械器具製造業,1
ヤマハ発動機株式会社,輸送用機械器具製造業,1
流体テクノ株式会社,輸送用機械器具製造業,1
ＹＫＫ株式会社,その他の製造業,1
石原ケミカル株式会社,その他の製造業,1
大塚ホールディングス株式会社,その他の製造業,1
小野薬品工業株式会社,その他の製造業,1
カナデビア株式会社,その他の製造業,1
株式会社アブラックス,その他の製造業,1
株式会社マリンドライブ,その他の製造業,1
株式会社諸岡,その他の製造業,1
栗田工業株式会社,その他の製造業,1
興和株式会社,その他の製造業,1
国軒高科日本株式会社,その他の製造業,1
コマニー株式会社,その他の製造業,1
酒井重工業株式会社,その他の製造業,1
田島ルーフィング株式会社,その他の製造業,1
戸﨑産業株式会社,その他の製造業,1
株式会社バンダイナムコホールディングス,その他の製造業,1
日立建機株式会社,その他の製造業,1
ヤマハ株式会社,その他の製造業,1
ａｕリニューアブルエナジー株式会社,電気業,2
ＵＮＩＶＥＲＧＹ株式会社,電気業,2
エネルギーパワー株式会社,電気業,2
沖縄電力株式会社,電気業,2
株式会社ＪＥＲＡ,電気業,2
株式会社エナリス,電気業,2
株式会社エフオン,電気業,2
株式会社クローバー・テクノロジーズ,電気業,2
株式会社グローバルエンジニアリング,電気業,2
株式会社コベルコパワー神戸,電気業,2
株式会社モデル・ティ,電気業,2
関西電力株式会社,電気業,2
九州電力株式会社,電気業,2
四国電力株式会社,電気業,2
自然電力株式会社,電気業,2
ソネディックス・ジャパン株式会社,電気業,2
中国電力株式会社,電気業,2
中部電力株式会社,電気業,2
デジタルグリッド株式会社,電気業,2
電源開発株式会社,電気業,2
東京電力エナジーパートナー株式会社,電気業,2
東京電力ホールディングス株式会社,電気業,2
東北電力株式会社,電気業,2
日本アイビーヴォーグト株式会社,電気業,2
バンプージャパン株式会社,電気業,2
ブルーリーフ・エナジー・ジャパン株式会社,電気業,2
北陸電力株式会社,電気業,2
北海道電力株式会社,電気業,2
リエス株式会社,電気業,2
リニューアブル・ジャパン株式会社,電気業,2
レジル株式会社,電気業,2
大阪瓦斯株式会社,ガス業,2
株式会社サンワ,ガス業,2
株式会社サーラコーポレーション,ガス業,2
西部ガスホールディングス株式会社,ガス業,2
静岡ガス株式会社,ガス業,2
常磐共同ガス株式会社,ガス業,2
東京瓦斯株式会社,ガス業,2
東邦瓦斯株式会社,ガス業,2
鳥取瓦斯株式会社,ガス業,2
広島ガス株式会社,ガス業,2
北海道瓦斯株式会社,ガス業,2
三ッ輪ホールディングス株式会社,ガス業,2
ＡＩデータ株式会社,情報通信業,0
Ｂｅｌｉｅｖｅ　Ｔｅｃｈｎｏｌｏｇｙ株式会社,情報通信業,0
ＢＩＰＲＯＧＹ株式会社,情報通信業,0
Ｃａｒｂｏｎ　ＥＸ株式会社,情報通信業,0
ｂｏｏｏｓｔ　ｔｅｃｈｎｏｌｏｇｉｅｓ株式会社,情報通信業,0
ｅ－ｄａｓｈ株式会社,情報通信業,0
ＫＤＤＩ株式会社,情報通信業,0
ＬＩＮＥヤフー株式会社,情報通信業,0
ＮＥＣネッツエスアイ株式会社,情報通信業,0
ＰｗＲ株式会社,情報通信業,0
ＳＣＳＫ株式会社,情報通信業,0
Ｓｕｓｔｉｎｅｒｉ株式会社,情報通信業,0
アスエネ株式会社,情報通信業,0
伊藤忠テクノソリューションズ株式会社,情報通信業,0
ウイングアーク１ｓｔ株式会社,情報通信業,0
エレビスタ株式会社,情報通信業,0
株式会社ｅｎｅｃｈａｉｎ,情報通信業,0
株式会社ｉｎｖｏｘ,情報通信業,0
株式会社ＰＩＤ,情報通信業,0
株式会社Ｓｕｓｔｅｃｈ,情報通信業,0
株式会社Ｕ‐ＮＥＸＴ　ＨＯＬＤＩＮＧＳ,情報通信業,0
株式会社Ｗｉｚ,情報通信業,0
株式会社アイデミー,情報通信業,0
アクシスＩＴパートナーズ株式会社,情報通信業,0
株式会社朝日新聞社,情報通信業,0
株式会社イーアイアイ,情報通信業,0
株式会社ウフル,情報通信業,0
株式会社オーイーシー,情報通信業,0
株式会社オークネット,情報通信業,0
株式会社カーボンサイファー,情報通信業,0
株式会社シムックスイニシアティブ,情報通信業,0
株式会社電通グループ,情報通信業,0
株式会社ネットリソースマネジメント,情報通信業,0
株式会社野村総合研究所,情報通信業,0
株式会社フォーバルカエルワーク,情報通信業,0
株式会社三菱総合研究所,情報通信業,0
株式会社メンバーズ,情報通信業,0
株式会社読売新聞東京本社,情報通信業,0
フューチャーアーティザン株式会社,情報通信業,0
ギリア株式会社,情報通信業,0
ソフトバンク株式会社,情報通信業,0
日本電気株式会社,情報通信業,0
日本電信電話株式会社,情報通信業,0
株式会社日本経済新聞社,情報通信業,0
日本ＧＸグループ株式会社,情報通信業,0
パーソルビジネスプロセスデザイン株式会社,情報通信業,0
富士通株式会社,情報通信業,0
フューチャー株式会社,情報通信業,0
株式会社毎日新聞社,情報通信業,0
株式会社DATAFLUCT,情報通信業,0
株式会社グローバルウェイ,情報通信業,0
株式会社イークラフトマン,情報通信業,0
グーグル合同会社,情報通信業,0
株式会社okicom,情報通信業,0
株式会社JOAホールディング,情報通信業,0
株式会社Spatial Pleasure,情報通信業,0
STAR TECH株式会社,情報通信業,0
株式会社ONE.course,情報通信業,0
株式会社Back Cast. Design,情報通信業,0
株式会社comeru,情報通信業,0
株式会社BOATRIP,情報通信業,0
株式会社Pixel Tokyo,情報通信業,0
株式会社ビーウェーブ,情報通信業,0
株式会社 Pure Letters,情報通信業,0
株式会社KEKKAI,情報通信業,0
ハルモニア株式会社,情報通信業,0
Volue合同会社,情報通信業,0
株式会社ファイバーゲート,情報通信業,0
株式会社フォーバルテレコム,情報通信業,0
ペガラジャパン合同会社,情報通信業,0
株式会社ヘッドウォータース,情報通信業,0
ＡＮＡホールディングス株式会社,航空運輸業,0
株式会社パスコ,航空運輸業,0
日本航空株式会社,航空運輸業,0
ＮＩＰＰＯＮ　ＥＸＰＲＥＳＳホールディングス株式会社,道路旅客運輸業,1
佐川急便株式会社,道路旅客運輸業,1
センコーグループホールディングス株式会社,道路旅客運輸業,1
ツバメロジス株式会社,道路旅客運輸業,1
西日本鉄道株式会社,道路旅客運輸業,1
ヤマトホールディングス株式会社,道路旅客運輸業,1
株式会社商船三井,水運業,2
川崎汽船株式会社,水運業,2
日本郵船株式会社,水運業,2
小田急電鉄株式会社,鉄道業,1
九州旅客鉄道株式会社,鉄道業,1
南海電気鉄道株式会社,鉄道業,1
西日本旅客鉄道株式会社,鉄道業,1
阪急阪神ホールディングス株式会社,鉄道業,1
東日本旅客鉄道株式会社,鉄道業,1
株式会社上組,その他の運輸業・郵便業,2
日本郵政株式会社,その他の運輸業・郵便業,2
ロジスティード株式会社,その他の運輸業・郵便業,2
Ｈｙｕｎｄａｉ　Ｍｏｂｉｌｉｔｙ　Ｊａｐａｎ株式会社,卸売業・小売業,1
Ｊ．フロントリテイリング株式会社,卸売業・小売業,1
ＫＰＰグループホールディングス株式会社,卸売業・小売業,1
Ｔｒａｆｉｇｕｒａ　Ｊａｐａｎ株式会社,卸売業・小売業,1
ＶＯＬＴ販売株式会社,卸売業・小売業,1
アスクル株式会社,卸売業・小売業,1
新井紙材株式会社,卸売業・小売業,1
石光商事株式会社,卸売業・小売業,1
伊丹産業株式会社,卸売業・小売業,1
伊藤忠商事株式会社,卸売業・小売業,1
伊藤忠丸紅鉄鋼株式会社,卸売業・小売業,1
オザックス株式会社,卸売業・小売業,1
株式会社ＧＲホールディングス,卸売業・小売業,1
株式会社ＰＡＬＴＡＣ,卸売業・小売業,1
株式会社ＲＹＯＤＥＮ,卸売業・小売業,1
株式会社アップルツリー,卸売業・小売業,1
株式会社エム・ティ,卸売業・小売業,1
株式会社クラダシ,卸売業・小売業,1
株式会社セブン＆アイ・ホールディングス,卸売業・小売業,1
株式会社トベ商事,卸売業・小売業,1
ハンファジャパン株式会社,卸売業・小売業,1
株式会社フォーバル,卸売業・小売業,1
株式会社山善,卸売業・小売業,1
株式会社理経,卸売業・小売業,1
山陰酸素工業株式会社,卸売業・小売業,1
サントモ・リソース株式会社,卸売業・小売業,1
シナネンホールディングス株式会社,卸売業・小売業,1
上新電機株式会社,卸売業・小売業,1
住友商事株式会社,卸売業・小売業,1
双日株式会社,卸売業・小売業,1
中国石油国際事業日本株式会社,卸売業・小売業,1
豊田通商株式会社,卸売業・小売業,1
豊通ケミプラス株式会社,卸売業・小売業,1
長瀬産業株式会社,卸売業・小売業,1
日本紙パルプ商事株式会社,卸売業・小売業,1
阪和興業株式会社,卸売業・小売業,1
ボルボ・カー・ジャパン株式会社,卸売業・小売業,1
丸紅株式会社,卸売業・小売業,1
三井物産株式会社,卸売業・小売業,1
三菱商事株式会社,卸売業・小売業,1
ユアサ商事株式会社,卸売業・小売業,1
株式会社エルコム,卸売業・小売業,1
株式会社第一工芸社,卸売業・小売業,1
株式会社日本木材,卸売業・小売業,1
株式会社岩田産業グループホールディングス,卸売業・小売業,1
株式会社 泉州屋,卸売業・小売業,1
タキヒヨー株式会社,卸売業・小売業,1
株式会社ミック,卸売業・小売業,1
株式会社佳雅,卸売業・小売業,1
株式会社AAOkennel,卸売業・小売業,1
株式会社VOLT,卸売業・小売業,1
ビーワイディージャパン株式会社,卸売業・小売業,1
姫路インザイ株式会社,卸売業・小売業,1
株式会社富谷オートパーツ,卸売業・小売業,1
株式会社G-grow,卸売業・小売業,1
株式会社ＩＢｅｅＴ,金融業・保険業,0
ＪＡ三井リース株式会社,金融業・保険業,0
ＭＳ＆ＡＤインシュアランスグループホールディングス株式会社,金融業・保険業,0
オリックス株式会社,金融業・保険業,0
株式会社ＳＢＩ新生銀行,金融業・保険業,0
株式会社ＳＤＧインパクトジャパン,金融業・保険業,0
株式会社Ｔ＆Ｄホールディングス,金融業・保険業,0
株式会社格付投資情報センター,金融業・保険業,0
株式会社九州フィナンシャルグループ,金融業・保険業,0
株式会社京都フィナンシャルグループ,金融業・保険業,0
株式会社群馬銀行,金融業・保険業,0
株式会社コンコルディア・フィナンシャルグループ,金融業・保険業,0
株式会社佐賀銀行,金融業・保険業,0
株式会社山陰合同銀行,金融業・保険業,0
株式会社滋賀銀行,金融業・保険業,0
株式会社しずおかフィナンシャルグループ,金融業・保険業,0
株式会社七十七銀行,金融業・保険業,0
株式会社十六フィナンシャルグループ,金融業・保険業,0
株式会社第四北越フィナンシャルグループ,金融業・保険業,0
株式会社大和証券グループ本社,金融業・保険業,0
株式会社千葉銀行,金融業・保険業,0
株式会社千葉興業銀行,金融業・保険業,0
株式会社ちゅうぎんフィナンシャルグループ,金融業・保険業,0
株式会社東京きらぼしフィナンシャルグループ,金融業・保険業,0
株式会社東京金融取引所,金融業・保険業,0
株式会社東邦銀行,金融業・保険業,0
株式会社西日本フィナンシャルホールディングス,金融業・保険業,0
株式会社日本政策投資銀行,金融業・保険業,0
株式会社日本取引所グループ,金融業・保険業,0
株式会社八十二銀行,金融業・保険業,0
株式会社ふくおかフィナンシャルグループ,金融業・保険業,0
株式会社北洋銀行,金融業・保険業,0
株式会社北陸銀行,金融業・保険業,0
株式会社北海道銀行,金融業・保険業,0
株式会社保険ステーション,金融業・保険業,0
株式会社みずほフィナンシャルグループ,金融業・保険業,0
株式会社三井住友フィナンシャルグループ,金融業・保険業,0
株式会社三菱ＵＦＪフィナンシャル・グループ,金融業・保険業,0
株式会社めぶきフィナンシャルグループ,金融業・保険業,0
株式会社山口フィナンシャルグループ,金融業・保険業,0
株式会社山梨中央銀行,金融業・保険業,0
株式会社りそなホールディングス,金融業・保険業,0
株式会社琉球銀行,金融業・保険業,0
シティグループ証券株式会社,金融業・保険業,0
スターリングパートナーズ合同会社,金融業・保険業,0
住友生命保険相互会社,金融業・保険業,0
損害保険ジャパン株式会社,金融業・保険業,0
第一生命ホールディングス株式会社,金融業・保険業,0
東海東京フィナンシャル・ホールディングス株式会社,金融業・保険業,0
東京海上日動火災保険株式会社,金融業・保険業,0
日本生命保険相互会社,金融業・保険業,0
農林中央金庫,金融業・保険業,0
野村ホールディングス株式会社,金融業・保険業,0
フィデアホールディングス株式会社,金融業・保険業,0
ブリックレイヤー・アセット・マネジメント株式会社,金融業・保険業,0
みずほリース株式会社,金融業・保険業,0
三井住友信託銀行株式会社,金融業・保険業,0
三菱ＨＣキャピタル株式会社,金融業・保険業,0
明治安田生命保険相互会社,金融業・保険業,0
アフラック生命保険株式会社,金融業・保険業,0
株式会社オリエントコーポレーション,金融業・保険業,0
ジーアイエネジーストレージマネジメント株式会社,金融業・保険業,0
株式会社日本格付研究所,金融業・保険業,0
いちご株式会社,不動産業・物品賃貸業,1
株式会社ＪＥＣＣ,不動産業・物品賃貸業,1
シンバホールディングス株式会社,不動産業・物品賃貸業,1
大東建託株式会社,不動産業・物品賃貸業,1
東急株式会社,不動産業・物品賃貸業,1
東急不動産ホールディングス株式会社,不動産業・物品賃貸業,1
福岡地所株式会社,不動産業・物品賃貸業,1
芙蓉総合リース株式会社,不動産業・物品賃貸業,1
三井不動産株式会社,不動産業・物品賃貸業,1
三菱地所株式会社,不動産業・物品賃貸業,1
森ビル株式会社,不動産業・物品賃貸業,1
株式会社麻布文明堂,不動産業・物品賃貸業,1
ＥＹ　Ｊａｐａｎ株式会社,学術研究・専門・技術サービス業,0
ＩＤ＆Ｅホールディングス株式会社,学術研究・専門・技術サービス業,0
アークエルテクノロジーズ株式会社,学術研究・専門・技術サービス業,0
アジア航測株式会社,学術研究・専門・技術サービス業,0
渥美坂井法律事務所弁護士法人,学術研究・専門・技術サービス業,0
アビームコンサルティング株式会社,学術研究・専門・技術サービス業,0
一般社団法人海外環境協力センター,学術研究・専門・技術サービス業,0
エー・シー・ティー日本株式会社,学術研究・専門・技術サービス業,0
応用地質株式会社,学術研究・専門・技術サービス業,0
オークツ株式会社,学術研究・専門・技術サービス業,0
カーボンフリーコンサルティング株式会社,学術研究・専門・技術サービス業,0
株式会社ＥｘＲｏａｄ,学術研究・専門・技術サービス業,0
株式会社Ｓｅｅｄ　Ｂａｎｋ,学術研究・専門・技術サービス業,0
株式会社アスア,学術研究・専門・技術サービス業,0
株式会社アート＆エコロジー,学術研究・専門・技術サービス業,0
株式会社ウェイストボックス,学術研究・専門・技術サービス業,0
株式会社エックス都市研究所,学術研究・専門・技術サービス業,0
株式会社オールニード,学術研究・専門・技術サービス業,0
株式会社建設技術研究所,学術研究・専門・技術サービス業,0
株式会社ゼロプラス,学術研究・専門・技術サービス業,0
株式会社ゼロボード,学術研究・専門・技術サービス業,0
株式会社総社技術コンサルタント,学術研究・専門・技術サービス業,0
株式会社地方グリーンプロジェクト支援研究所,学術研究・専門・技術サービス業,0
株式会社ドリームインキュベータ,学術研究・専門・技術サービス業,0
株式会社フェイガー,学術研究・専門・技術サービス業,0
株式会社ベイカレント,学術研究・専門・技術サービス業,0
一般財団法人グリーンスポーツアライアンス,学術研究・専門・技術サービス業,0
グロービング株式会社,学術研究・専門・技術サービス業,0
超え環境ビジネス株式会社,学術研究・専門・技術サービス業,0
国際航業株式会社,学術研究・専門・技術サービス業,0
税理士法人ウィズラン,学術研究・専門・技術サービス業,0
税理士法人山田アンドパートナーズ,学術研究・専門・技術サービス業,0
脱炭素化支援株式会社,学術研究・専門・技術サービス業,0
千代田化工建設株式会社,学術研究・専門・技術サービス業,0
デロイトトーマツコンサルティング合同会社,学術研究・専門・技術サービス業,0
ニイガタ株式会社,学術研究・専門・技術サービス業,0
弁護士法人Ｙ＆Ｐ法律事務所,学術研究・専門・技術サービス業,0
みらいブライト株式会社,学術研究・専門・技術サービス業,0
株式会社ゼロック,学術研究・専門・技術サービス業,0
株式会社エグゼクティブ・イニシアティブ,学術研究・専門・技術サービス業,0
一般社団法人運輸デジタルビジネス協議会,学術研究・専門・技術サービス業,0
ピコットエナジー株式会社,学術研究・専門・技術サービス業,0
売れるしくみづくり株式会社,学術研究・専門・技術サービス業,0
筒井測量設計株式会社,学術研究・専門・技術サービス業,0
合同会社ライトハウス・リサーチ&テクノロジーズ,学術研究・専門・技術サービス業,0
株式会社AOI,学術研究・専門・技術サービス業,0
ＰｗＣ　Ｊａｐａｎ合同会社,学術研究・専門・技術サービス業,0
NOSIGNER株式会社,学術研究・専門・技術サービス業,0
BSIグループジャパン株式会社,学術研究・専門・技術サービス業,0
株式会社sustainacraft,学術研究・専門・技術サービス業,0
株式会社ヴァンフォーレ山梨スポーツクラブ,生活関連サービス業等,0
株式会社スキルアップＮｅＸｔ,生活関連サービス業等,0
株式会社ベネッセコーポレーション,生活関連サービス業等,0
東武トップツアーズ株式会社,生活関連サービス業等,0
株式会社アルタレーナ,生活関連サービス業等,0
岡山賢人プロジェクト,生活関連サービス業等,0
株式会社サンヨー,生活関連サービス業等,0
issin株式会社,生活関連サービス業等,0
ホットホリデー合同会社,生活関連サービス業等,0
株式会社開拓塾,生活関連サービス業等,0
株式会社サードアイ,生活関連サービス業等,0
オンライントラベル株式会社,生活関連サービス業等,0
株式会社AWANA,医療・福祉,0
Ｃｏｄｏ　Ａｄｖｉｓｏｒｙ株式会社,サービス業 (他に分類されないもの),0
Ｋａｂｂａｒａ合同会社,サービス業 (他に分類されないもの),0
ＫＰＭＧコンサルティング株式会社,サービス業 (他に分類されないもの),0
ＮＥｘＴ－ｅ　Ｓｏｌｕｔｉｏｎｓ株式会社,サービス業 (他に分類されないもの),0
Ｒｅｉｖａｌｕｅ株式会社,サービス業 (他に分類されないもの),0
ＳＵＳＴＵＳ株式会社,サービス業 (他に分類されないもの),0
ＴＲＥホールディングス株式会社,サービス業 (他に分類されないもの),0
アミタホールディングス株式会社,サービス業 (他に分類されないもの),0
一般社団法人ＪＡＰＡＮゼロカーボン・スマートシティ・ファウンデーション,サービス業 (他に分類されないもの),0
一般社団法人環境エネルギー事業協会,サービス業 (他に分類されないもの),0
一般社団法人生コン・残コンソリューション技術研究会,サービス業 (他に分類されないもの),0
一般社団法人三浦湘南共創ネットワーク,サービス業 (他に分類されないもの),0
エネクラウド株式会社,サービス業 (他に分類されないもの),0
株式会社Ｆ．Ｃ．大阪,サービス業 (他に分類されないもの),0
株式会社Ｔｈｅ　Ｌｏｄｇｅｓ,サービス業 (他に分類されないもの),0
株式会社Ｖａｌｕｅ,サービス業 (他に分類されないもの),0
株式会社ＶＯＲＥＡＳ,サービス業 (他に分類されないもの),0
株式会社アイテック,サービス業 (他に分類されないもの),0
株式会社カーボントレード,サービス業 (他に分類されないもの),0
株式会社新日本科学,サービス業 (他に分類されないもの),0
株式会社ダイセキ,サービス業 (他に分類されないもの),0
株式会社ティアフォー,サービス業 (他に分類されないもの),0
株式会社日本旅行,サービス業 (他に分類されないもの),0
株式会社バイウィル,サービス業 (他に分類されないもの),0
株式会社博報堂ＤＹホールディングス,サービス業 (他に分類されないもの),0
株式会社船井総研ホールディングス,サービス業 (他に分類されないもの),0
株式会社宮城衛生環境公社,サービス業 (他に分類されないもの),0
株式会社メルカリ,サービス業 (他に分類されないもの),0
加山興業株式会社,サービス業 (他に分類されないもの),0
クレアトゥラ株式会社,サービス業 (他に分類されないもの),0
株式会社京葉興業,サービス業 (他に分類されないもの),0
サイクラーズ株式会社,サービス業 (他に分類されないもの),0
セコム株式会社,サービス業 (他に分類されないもの),0
綜合警備保障株式会社,サービス業 (他に分類されないもの),0
日本カーボンマネジメント株式会社,サービス業 (他に分類されないもの),0
備前グリーンエネルギー株式会社,サービス業 (他に分類されないもの),0
藤沢市資源循環協同組合,サービス業 (他に分類されないもの),0
ブルードットグリーン株式会社,サービス業 (他に分類されないもの),0
八千代エンジニヤリング株式会社,サービス業 (他に分類されないもの),0
リクロマ株式会社,サービス業 (他に分類されないもの),0
株式会社レックスホールディングス,サービス業 (他に分類されないもの),0
レスク株式会社,サービス業 (他に分類されないもの),0
株式会社毛髪クリニック リーブ21,サービス業 (他に分類されないもの),0
匠ファイナンシャル・アドバイザリー合同会社,サービス業 (他に分類されないもの),0
株式会社GM7,サービス業 (他に分類されないもの),0
BLOOMX ALLIANCE株式会社,サービス業 (他に分類されないもの),0
株式会社エネルギーソリューションジャパン,サービス業 (他に分類されないもの),0
一般社団法人日本カーボンニュートラル機構,サービス業 (他に分類されないもの),0
社外・アイデア企画室株式会社,サービス業 (他に分類されないもの),0
株式会社ユーフォリアプラス,サービス業 (他に分類されないもの),0
有限会社エムアール環境計画,サービス業 (他に分類されないもの),0
株式会社大建,サービス業 (他に分類されないもの),0
株式会社エンビプロ・ホールディングス,サービス業 (他に分類されないもの),0
VESTM株式会社,サービス業 (他に分類されないもの),0
一般社団法人日本経営士会,サービス業 (他に分類されないもの),0
株式会社SEESAW,サービス業 (他に分類されないもの),0
一般社団法人ソーシャル企業認証機構,サービス業 (他に分類されないもの),0
トランスコスモス株式会社,サービス業 (他に分類されないもの),0
株式会社浜田,サービス業 (他に分類されないもの),0
有限会社サンライズ・システム,サービス業 (他に分類されないもの),0
Ａｋａｙｓｈａ　Ｅｎｅｒｇｙ　Ｊａｐａｎ株式会社,分類不能の産業,0
ＳＡＧＡ　ＣＯＬＬＥＣＴＩＶＥ協同組合,分類不能の産業,0
東京センチュリー株式会社,分類不能の産業,0
株式会社トライ・エックス,未分類の製造業,0
株式会社バイオマスレジンホールディングス,未分類の製造業,0
バイオマスエナジー株式会社,未分類の製造業,0
株式会社ノーリツ,未分類の製造業,0
未来科学株式会社,未分類の製造業,0
株式会社ティラド,未分類の製造業,0
リタール株式会社,未分類の製造業,0
有限会社井上製麺,未分類の製造業,0
丸秀醤油株式会社,未分類の製造業,0
レグナテック株式会社,未分類の製造業,0
ボッシュ株式会社,未分類の製造業,0
田中鉄工株式会社,未分類の製造業,0
天山酒造株式会社,未分類の製造業,0
UCCジャパン株式会社,未分類の製造業,0
清水技研株式会社,未分類の製造業,0
三福海苔株式会社,未分類の製造業,0
名尾手すき和紙株式会社,未分類の製造業,0
株式会社AESCジャパン,未分類の製造業,0
マツヤ産業株式会社,未分類の製造業,0
株式会社キッツ,未分類の製造業,0
吉島伸一鍋島緞通株式会社,未分類の製造業,0
株式会社村井,未分類の製造業,0
株式会社アマノ,未分類の製造業,0
株式会社富士美化成,未分類の製造業,0
コニカミノルタ株式会社,未分類の製造業,0
株式会社ユーグレナ,未分類の製造業,0
株式会社小野原製茶問屋,未分類の製造業,0
サンメッセ株式会社,未分類の製造業,0
株式会社広信工業,未分類の運輸業・郵便業,1
株式会社マルハリ,未分類の運輸業・郵便業,1
株式会社FORIMO,未分類の運輸業・郵便業,1
小平株式会社,未分類の電気・ガス・熱供給・水道業,2
Flex Battery Investment 株式会社,未分類の電気・ガス・熱供給・水道業,2
スマートソーラー株式会社,未分類の電気・ガス・熱供給・水道業,2
イーディーエフ・ジャパン株式会社,未分類の電気・ガス・熱供給・水道業,2
株式会社アイ・グリッド・ソリューションズ,未分類の電気・ガス・熱供給・水道業,2
HTBエナジー株式会社,未分類の電気・ガス・熱供給・水道業,2